templateID1	templateID2	LmQuery1	LmQuery2	score
489397	495443	2023 изменение конструктор политика приказ учетный	2023 изменение конструктор политика приказ учетный	1.0000009536743164
453812	453889	возврат деньги е	возврат деньги е	1.0000008344650269
540438	540761	беспроцентный заем сотрудник	беспроцентный заем сотрудник	1.0000008344650269
466010	100000089	2 кс	2 кс	1.0000007152557373
502162	502167	патент экскурсия	патент экскурсия	1.0000007152557373
566539	592435	2 ндфл новогодний подарок	2 ндфл новогодний подарок	1.0000007152557373
11261	447652	водитель гпх договор	водитель гпх договор	1.0000005960464478
407785	429668	2019 2022 5 запас политика учетный фсба	2019 2022 5 запас политика учетный фсба	1.0000005960464478
570350	570348	исчислять кбк налог ндфл уведомление	исчислять кбк налог ндфл уведомление	1.0000005960464478
465539	465546	авансовый дата отчет	авансовый дата отчет	1.0000005960464478
506198	512826	взнос ипать мобилизация страховой	взнос ипать мобилизация страховой	1.0000005960464478
506201	512829	госконтракт заключение мобилизация	госконтракт заключение мобилизация	1.0000005960464478
517017	576194	1 выпадать май отпуск	1 выпадать май отпуск	1.0000005960464478
536440	536436	без вентиляция здание пробивка реконструкция система стена установка часть являться	без вентиляция здание пробивка реконструкция система стена установка часть являться	1.0000005960464478
540730	547820	начало отпуск срок уведомление	начало отпуск срок уведомление	1.0000005960464478
540723	547814	отпуск приказ произвольный	отпуск приказ произвольный	1.0000005960464478
543291	543292	бывший ос покупка употребление физлицо	бывший ос покупка употребление физлицо	1.0000005960464478
546714	547211	договор зарплата нельзя прописывать трудовой условие	договор зарплата нельзя прописывать трудовой условие	1.0000005960464478
550727	550722	взнос зачет заявление патент страховой	взнос зачет заявление патент страховой	1.0000005960464478
566456	566460	2 2023 6 выплачивать декабрь назначать ндфл ндфл ноябрь премия справка указывать	2 2023 6 выплачивать декабрь назначать ндфл ндфл ноябрь премия справка указывать	1.0000005960464478
100000028	100000057	зарплата расход сокращать	зарплата расход сокращать	1.0000005960464478
509933	512039	ндфл расчет сервис	ндфл расчет сервис	1.0000004768371582
439323	553578	аренда договор субаренда условие	аренда договор субаренда условие	1.0000004768371582
453525	453527	бухучет лицо оплата отражать третий	бухучет лицо оплата отражать третий	1.0000004768371582
489664	490026	договор кто подписывать	договор кто подписывать	1.0000004768371582
486122	585038	ипать касса ли	ипать касса ли	1.0000004768371582
486442	507624	есхн ндс	есхн ндс	1.0000004768371582
496791	586684	больничный оплата размер средний	больничный оплата размер средний	1.0000004768371582
506197	512825	мобилизация отмена проверка	мобилизация отмена проверка	1.0000004768371582
506198	512826	взнос ипать мобилизация	взнос ипать мобилизация	1.0000004768371582
506204	512832	во время закрывать ипать мобилизация	во время закрывать ипать мобилизация	1.0000004768371582
517062	517065	документ заработный индексация какой плата прописываться	документ заработный индексация какой плата прописываться	1.0000004768371582
537231	537588	мсфо справедливый стоимость	мсфо справедливый стоимость	1.0000004768371582
540742	547832	график отпуск приказ утверждение	график отпуск приказ утверждение	1.0000004768371582
540747	547838	отпуск приказ разделение часть	отпуск приказ разделение часть	1.0000004768371582
540741	547831	заявление отпуск счет	заявление отпуск счет	1.0000004768371582
542411	573489	декларация октмо усна	декларация октмо усна	1.0000004768371582
547704	547703	вещь забирать она оприходовать ответственный отказываться поклажедатель с хранение хранитель	вещь забирать она оприходовать ответственный отказываться поклажедатель с хранение хранитель	1.0000004768371582
559062	561171	13014 актив заполнять капитал мало ооо размер	13014 актив заполнять капитал мало ооо размер	1.0000004768371582
566803	585179	2 кластер	2 кластер	1.0000004768371582
574047	574041	бухгалтерский единый налоговый платеж учет	бухгалтерский единый налоговый платеж учет	1.0000004768371582
588270	588999	2024 больничный выплата год детский другой и пособие пособие размер ребенок социальный уход	2024 больничный выплата год детский другой и пособие пособие размер ребенок социальный уход	1.0000004768371582
589464	589408	5а строка счет фактура	5а строка счет фактура	1.0000004768371582
100000001	100000002	рикитикитави	рикитикитави	1.0000004768371582
100000001	100000003	рикитикитави	рикитикитави	1.0000004768371582
100000001	100000004	рикитикитави	рикитикитави	1.0000004768371582
100000001	100000006	рикитикитави	рикитикитави	1.0000004768371582
100000001	100000010	рикитикитави	рикитикитави	1.0000004768371582
100000001	100000014	рикитикитави	рикитикитави	1.0000004768371582
100000001	100000017	рикитикитави	рикитикитави	1.0000004768371582
100000001	100000018	рикитикитави	рикитикитави	1.0000004768371582
100000001	100000023	рикитикитави	рикитикитави	1.0000004768371582
100000001	100000026	рикитикитави	рикитикитави	1.0000004768371582
100000001	100000042	рикитикитави	рикитикитави	1.0000004768371582
100000001	100000048	рикитикитави	рикитикитави	1.0000004768371582
100000001	100000060	рикитикитави	рикитикитави	1.0000004768371582
100000001	100000093	рикитикитави	рикитикитави	1.0000004768371582
100000001	100000112	рикитикитави	рикитикитави	1.0000004768371582
100000001	100000115	рикитикитави	рикитикитави	1.0000004768371582
100000002	100000003	рикитикитави	рикитикитави	1.0000004768371582
100000002	100000004	рикитикитави	рикитикитави	1.0000004768371582
100000002	100000006	рикитикитави	рикитикитави	1.0000004768371582
100000002	100000010	рикитикитави	рикитикитави	1.0000004768371582
100000002	100000014	рикитикитави	рикитикитави	1.0000004768371582
100000002	100000017	рикитикитави	рикитикитави	1.0000004768371582
100000002	100000018	рикитикитави	рикитикитави	1.0000004768371582
100000002	100000023	рикитикитави	рикитикитави	1.0000004768371582
100000002	100000026	рикитикитави	рикитикитави	1.0000004768371582
100000002	100000042	рикитикитави	рикитикитави	1.0000004768371582
100000002	100000048	рикитикитави	рикитикитави	1.0000004768371582
100000002	100000060	рикитикитави	рикитикитави	1.0000004768371582
100000002	100000093	рикитикитави	рикитикитави	1.0000004768371582
100000002	100000112	рикитикитави	рикитикитави	1.0000004768371582
100000002	100000115	рикитикитави	рикитикитави	1.0000004768371582
100000003	100000004	рикитикитави	рикитикитави	1.0000004768371582
100000003	100000006	рикитикитави	рикитикитави	1.0000004768371582
100000003	100000010	рикитикитави	рикитикитави	1.0000004768371582
100000003	100000014	рикитикитави	рикитикитави	1.0000004768371582
100000003	100000017	рикитикитави	рикитикитави	1.0000004768371582
100000003	100000018	рикитикитави	рикитикитави	1.0000004768371582
100000003	100000023	рикитикитави	рикитикитави	1.0000004768371582
100000003	100000026	рикитикитави	рикитикитави	1.0000004768371582
100000003	100000042	рикитикитави	рикитикитави	1.0000004768371582
100000003	100000048	рикитикитави	рикитикитави	1.0000004768371582
100000003	100000060	рикитикитави	рикитикитави	1.0000004768371582
100000003	100000093	рикитикитави	рикитикитави	1.0000004768371582
100000003	100000112	рикитикитави	рикитикитави	1.0000004768371582
100000003	100000115	рикитикитави	рикитикитави	1.0000004768371582
100000004	100000006	рикитикитави	рикитикитави	1.0000004768371582
100000004	100000010	рикитикитави	рикитикитави	1.0000004768371582
100000004	100000014	рикитикитави	рикитикитави	1.0000004768371582
100000004	100000017	рикитикитави	рикитикитави	1.0000004768371582
100000004	100000018	рикитикитави	рикитикитави	1.0000004768371582
100000004	100000023	рикитикитави	рикитикитави	1.0000004768371582
100000004	100000026	рикитикитави	рикитикитави	1.0000004768371582
100000004	100000042	рикитикитави	рикитикитави	1.0000004768371582
100000004	100000048	рикитикитави	рикитикитави	1.0000004768371582
100000004	100000060	рикитикитави	рикитикитави	1.0000004768371582
100000004	100000093	рикитикитави	рикитикитави	1.0000004768371582
100000004	100000112	рикитикитави	рикитикитави	1.0000004768371582
100000004	100000115	рикитикитави	рикитикитави	1.0000004768371582
100000006	100000010	рикитикитави	рикитикитави	1.0000004768371582
100000006	100000014	рикитикитави	рикитикитави	1.0000004768371582
100000006	100000017	рикитикитави	рикитикитави	1.0000004768371582
100000006	100000018	рикитикитави	рикитикитави	1.0000004768371582
100000006	100000023	рикитикитави	рикитикитави	1.0000004768371582
100000006	100000026	рикитикитави	рикитикитави	1.0000004768371582
100000006	100000042	рикитикитави	рикитикитави	1.0000004768371582
100000006	100000048	рикитикитави	рикитикитави	1.0000004768371582
100000006	100000060	рикитикитави	рикитикитави	1.0000004768371582
100000006	100000093	рикитикитави	рикитикитави	1.0000004768371582
100000006	100000112	рикитикитави	рикитикитави	1.0000004768371582
100000006	100000115	рикитикитави	рикитикитави	1.0000004768371582
100000010	100000014	рикитикитави	рикитикитави	1.0000004768371582
100000010	100000017	рикитикитави	рикитикитави	1.0000004768371582
100000010	100000018	рикитикитави	рикитикитави	1.0000004768371582
100000010	100000023	рикитикитави	рикитикитави	1.0000004768371582
100000010	100000026	рикитикитави	рикитикитави	1.0000004768371582
100000010	100000042	рикитикитави	рикитикитави	1.0000004768371582
100000010	100000048	рикитикитави	рикитикитави	1.0000004768371582
100000010	100000060	рикитикитави	рикитикитави	1.0000004768371582
100000010	100000093	рикитикитави	рикитикитави	1.0000004768371582
100000010	100000112	рикитикитави	рикитикитави	1.0000004768371582
100000010	100000115	рикитикитави	рикитикитави	1.0000004768371582
100000014	100000017	рикитикитави	рикитикитави	1.0000004768371582
100000014	100000018	рикитикитави	рикитикитави	1.0000004768371582
100000014	100000023	рикитикитави	рикитикитави	1.0000004768371582
100000014	100000026	рикитикитави	рикитикитави	1.0000004768371582
100000014	100000042	рикитикитави	рикитикитави	1.0000004768371582
100000014	100000048	рикитикитави	рикитикитави	1.0000004768371582
100000014	100000060	рикитикитави	рикитикитави	1.0000004768371582
100000014	100000093	рикитикитави	рикитикитави	1.0000004768371582
100000014	100000112	рикитикитави	рикитикитави	1.0000004768371582
100000014	100000115	рикитикитави	рикитикитави	1.0000004768371582
100000017	100000018	рикитикитави	рикитикитави	1.0000004768371582
100000017	100000023	рикитикитави	рикитикитави	1.0000004768371582
100000017	100000026	рикитикитави	рикитикитави	1.0000004768371582
100000017	100000042	рикитикитави	рикитикитави	1.0000004768371582
100000017	100000048	рикитикитави	рикитикитави	1.0000004768371582
100000017	100000060	рикитикитави	рикитикитави	1.0000004768371582
100000017	100000093	рикитикитави	рикитикитави	1.0000004768371582
100000017	100000112	рикитикитави	рикитикитави	1.0000004768371582
100000017	100000115	рикитикитави	рикитикитави	1.0000004768371582
100000018	100000023	рикитикитави	рикитикитави	1.0000004768371582
100000018	100000026	рикитикитави	рикитикитави	1.0000004768371582
100000018	100000042	рикитикитави	рикитикитави	1.0000004768371582
100000018	100000048	рикитикитави	рикитикитави	1.0000004768371582
100000018	100000060	рикитикитави	рикитикитави	1.0000004768371582
100000018	100000093	рикитикитави	рикитикитави	1.0000004768371582
100000018	100000112	рикитикитави	рикитикитави	1.0000004768371582
100000018	100000115	рикитикитави	рикитикитави	1.0000004768371582
100000023	100000026	рикитикитави	рикитикитави	1.0000004768371582
100000023	100000042	рикитикитави	рикитикитави	1.0000004768371582
100000023	100000048	рикитикитави	рикитикитави	1.0000004768371582
100000023	100000060	рикитикитави	рикитикитави	1.0000004768371582
100000023	100000093	рикитикитави	рикитикитави	1.0000004768371582
100000023	100000112	рикитикитави	рикитикитави	1.0000004768371582
100000023	100000115	рикитикитави	рикитикитави	1.0000004768371582
100000026	100000042	рикитикитави	рикитикитави	1.0000004768371582
100000026	100000048	рикитикитави	рикитикитави	1.0000004768371582
100000026	100000060	рикитикитави	рикитикитави	1.0000004768371582
100000026	100000093	рикитикитави	рикитикитави	1.0000004768371582
100000026	100000112	рикитикитави	рикитикитави	1.0000004768371582
100000026	100000115	рикитикитави	рикитикитави	1.0000004768371582
100000042	100000048	рикитикитави	рикитикитави	1.0000004768371582
100000042	100000060	рикитикитави	рикитикитави	1.0000004768371582
100000042	100000093	рикитикитави	рикитикитави	1.0000004768371582
100000042	100000112	рикитикитави	рикитикитави	1.0000004768371582
100000042	100000115	рикитикитави	рикитикитави	1.0000004768371582
100000048	100000060	рикитикитави	рикитикитави	1.0000004768371582
100000048	100000093	рикитикитави	рикитикитави	1.0000004768371582
100000048	100000112	рикитикитави	рикитикитави	1.0000004768371582
100000048	100000115	рикитикитави	рикитикитави	1.0000004768371582
100000060	100000093	рикитикитави	рикитикитави	1.0000004768371582
100000060	100000112	рикитикитави	рикитикитави	1.0000004768371582
100000060	100000115	рикитикитави	рикитикитави	1.0000004768371582
100000078	100000103	енп	енп	1.0000004768371582
100000093	100000112	рикитикитави	рикитикитави	1.0000004768371582
100000093	100000115	рикитикитави	рикитикитави	1.0000004768371582
100000112	100000115	рикитикитави	рикитикитави	1.0000004768371582
416039	429671	контрагент проверка	контрагент проверка	1.0000003576278687
417333	417337	25 аренда земля учет фсба	25 аренда земля учет фсба	1.0000003576278687
424818	527206	бухгалтерский исправлять отчетность ошибка	бухгалтерский исправлять отчетность ошибка	1.0000003576278687
455419	100000085	усна	усна	1.0000003576278687
457900	507491	директор договор продление трудовой	директор договор продление трудовой	1.0000003576278687
466093	490628	2 3 кс кс срок счет фактура хранение	2 3 кс кс срок счет фактура хранение	1.0000003576278687
486895	514153	выдавать доверенность и составлять	выдавать доверенность и составлять	1.0000003576278687
517654	500256	ипать ндфл осно уплата	ипать ндфл осно уплата	1.0000003576278687
509366	580992	акт запрашивать налоговый с сверка	акт запрашивать налоговый с сверка	1.0000003576278687
541507	554951	пожар ущерб	пожар ущерб	1.0000003576278687
540745	547836	график он отгуливать отпуск отпуск сколько ставить уже часть человек	график он отгуливать отпуск отпуск сколько ставить уже часть человек	1.0000003576278687
555950	578370	подпись электронный	подпись электронный	1.0000003576278687
569223	569567	2023 год контролировать отчитываться сделка	2023 год контролировать отчитываться сделка	1.0000003576278687
583676	583686	оквэд подтверждение справка	оквэд подтверждение справка	1.0000003576278687
100000001	100000020	рикитикитави	рикитикитави	1.0000003576278687
100000001	100000021	рикитикитави	рикитикитави	1.0000003576278687
100000002	100000020	рикитикитави	рикитикитави	1.0000003576278687
100000002	100000021	рикитикитави	рикитикитави	1.0000003576278687
100000003	100000020	рикитикитави	рикитикитави	1.0000003576278687
100000003	100000021	рикитикитави	рикитикитави	1.0000003576278687
100000004	100000020	рикитикитави	рикитикитави	1.0000003576278687
100000004	100000021	рикитикитави	рикитикитави	1.0000003576278687
100000006	100000020	рикитикитави	рикитикитави	1.0000003576278687
100000006	100000021	рикитикитави	рикитикитави	1.0000003576278687
100000010	100000020	рикитикитави	рикитикитави	1.0000003576278687
100000010	100000021	рикитикитави	рикитикитави	1.0000003576278687
100000014	100000020	рикитикитави	рикитикитави	1.0000003576278687
100000014	100000021	рикитикитави	рикитикитави	1.0000003576278687
100000017	100000020	рикитикитави	рикитикитави	1.0000003576278687
100000017	100000021	рикитикитави	рикитикитави	1.0000003576278687
100000018	100000020	рикитикитави	рикитикитави	1.0000003576278687
100000018	100000021	рикитикитави	рикитикитави	1.0000003576278687
100000020	100000021	рикитикитави	рикитикитави	1.0000003576278687
100000020	100000023	рикитикитави	рикитикитави	1.0000003576278687
100000020	100000026	рикитикитави	рикитикитави	1.0000003576278687
100000020	100000042	рикитикитави	рикитикитави	1.0000003576278687
100000020	100000048	рикитикитави	рикитикитави	1.0000003576278687
100000020	100000060	рикитикитави	рикитикитави	1.0000003576278687
100000020	100000093	рикитикитави	рикитикитави	1.0000003576278687
100000020	100000112	рикитикитави	рикитикитави	1.0000003576278687
100000020	100000115	рикитикитави	рикитикитави	1.0000003576278687
100000021	100000023	рикитикитави	рикитикитави	1.0000003576278687
100000021	100000026	рикитикитави	рикитикитави	1.0000003576278687
100000021	100000042	рикитикитави	рикитикитави	1.0000003576278687
100000021	100000048	рикитикитави	рикитикитави	1.0000003576278687
100000021	100000060	рикитикитави	рикитикитави	1.0000003576278687
100000021	100000093	рикитикитави	рикитикитави	1.0000003576278687
100000021	100000112	рикитикитави	рикитикитави	1.0000003576278687
100000021	100000115	рикитикитави	рикитикитави	1.0000003576278687
570340	570343	взнос зачет ипать подавать страховой счет уведомление усна	взнос зачет ипать подавать страховой счет уведомление усна	1.000000238418579
427150	532417	ипать касса лимит приказ	ипать касса лимит приказ	1.000000238418579
451309	451310	авансовый возврат договор платеж поставка расторжение	авансовый возврат договор платеж поставка расторжение	1.000000238418579
454660	455465	без ипать печать поставщик работать уведомлять	без ипать печать поставщик работать уведомлять	1.000000238418579
503178	503175	доход льгота налог профессиональный самозанимать ставка	доход льгота налог профессиональный самозанимать ставка	1.000000238418579
489397	539650	2023 год изменение политика приказ учетный	2023 год изменение политика приказ учетный	1.000000238418579
490558	490557	3 заполнение кс правило форма	3 заполнение кс правило форма	1.000000238418579
490333	578848	мобилизация сзв сотрудник тд	мобилизация сзв сотрудник тд	1.000000238418579
491355	504984	договор пожертвование	договор пожертвование	1.000000238418579
499816	499832	выращивание есхн рыба сельхозпроизводитель услуга учет	выращивание есхн рыба сельхозпроизводитель услуга учет	1.000000238418579
506199	512827	арендный мобилизация откладывать платеж рамка частичный	арендный мобилизация откладывать платеж рамка частичный	1.000000238418579
506200	512828	аренда договор мобилизация расторгать	аренда договор мобилизация расторгать	1.000000238418579
506204	512832	ипать мобилизованный патент продление	ипать мобилизованный патент продление	1.000000238418579
524834	571784	гчп имущество налог объект	гчп имущество налог объект	1.000000238418579
524842	544026	воздействие декларация негативный окружающий плата среда	воздействие декларация негативный окружающий плата среда	1.000000238418579
530939	532443	автомобиль лизинг приобретать	автомобиль лизинг приобретать	1.000000238418579
540726	547817	2021 2023 4 7 май май отпуск с	2021 2023 4 7 май май отпуск с	1.000000238418579
540748	547839	график малый отпуск предприятие составлять	график малый отпуск предприятие составлять	1.000000238418579
543291	543292	б ос покупка физлицо	б ос покупка физлицо	1.000000238418579
543291	543290	б ос покупка физлицо	б ос покупка физлицо	1.000000238418579
543534	543525	бухгалтерский отчетность промежуточный состав	бухгалтерский отчетность промежуточный состав	1.000000238418579
550424	576081	вычет договор ндфл подряд ребенок	вычет договор ндфл подряд ребенок	1.000000238418579
554254	554259	налоговый основной передавать средство учет хранение	налоговый основной передавать средство учет хранение	1.000000238418579
557703	557706	безработица выдавать должный какой пособие работодатель случай справка	безработица выдавать должный какой пособие работодатель случай справка	1.000000238418579
557342	557344	долг проверять прощение соглашение	долг проверять прощение соглашение	1.000000238418579
570127	582917	01 01 2023 мрот с	01 01 2023 мрот с	1.000000238418579
572140	572137	2022 изменение пвтр	2022 изменение пвтр	1.000000238418579
579999	580000	ипать налог недвижимость продажа	ипать налог недвижимость продажа	1.000000238418579
585281	508272	01 6 пбу	01 6 пбу	1.000000238418579
590792	590799	долг методика признание резерв сомнительный	долг методика признание резерв сомнительный	1.000000238418579
590243	590232	безнадежный дебиторский задолженность	безнадежный дебиторский задолженность	1.000000238418579
100000084	100000086	бухгалтерия комплект регламент	бухгалтерия комплект регламент	1.000000238418579
398227	398226	какой он перевод порядок прием сотрудник срок увольнять	какой он перевод порядок прием сотрудник срок увольнять	1.0000001192092896
411263	100000064	2022 бухгалтер календарь	2022 бухгалтер календарь	1.0000001192092896
416039	494338	инн контрагент проверка	инн контрагент проверка	1.0000001192092896
425129	462020	микротравма памятка	микротравма памятка	1.0000001192092896
429672	482394	документ должный осмотрительность	документ должный осмотрительность	1.0000001192092896
436069	535772	директор должностной жкх инструкция муп	директор должностной жкх инструкция муп	1.0000001192092896
436069	535772	бухгалтер должностной инструкция первичок	бухгалтер должностной инструкция первичок	1.0000001192092896
467491	100000084	бухгалтерия регламент	бухгалтерия регламент	1.0000001192092896
466511	100000079	налог снижать	налог снижать	1.0000001192092896
482605	515317	билет вход выставка организация продажа	билет вход выставка организация продажа	1.0000001192092896
500310	553862	аренда обеспечительный платеж	аренда обеспечительный платеж	1.0000001192092896
500724	500727	единица курсовой пр разница расчет условный	единица курсовой пр разница расчет условный	1.0000001192092896
506197	512825	какой мобилизация отменять проверка с связь	какой мобилизация отменять проверка с связь	1.0000001192092896
506199	512827	арендный мобилизация отсрочка платеж	арендный мобилизация отсрочка платеж	1.0000001192092896
506202	512830	мобилизация снижение сотрудник численность	мобилизация снижение сотрудник численность	1.0000001192092896
506203	512831	аттестация мобилизация сотрудник	аттестация мобилизация сотрудник	1.0000001192092896
509368	581000	акт ифнс оформлять разногласие с сверка	акт ифнс оформлять разногласие с сверка	1.0000001192092896
524834	571784	имущество налог налогообложение объект	имущество налог налогообложение объект	1.0000001192092896
528980	563603	рсв уточненка штраф	рсв уточненка штраф	1.0000001192092896
530939	543000	лизинг машина покупка	лизинг машина покупка	1.0000001192092896
537780	537231	справедливый стоимость	справедливый стоимость	1.0000001192092896
537780	538094	справедливый стоимость	справедливый стоимость	1.0000001192092896
540733	547823	мобилизованный отпуск работник	мобилизованный отпуск работник	1.0000001192092896
540735	547825	декрет когда отпуск полагаться после	декрет когда отпуск полагаться после	1.0000001192092896
543292	543290	б ос покупка физлицо	б ос покупка физлицо	1.0000001192092896
543924	578416	12 346 право усна утрата	12 346 право усна утрата	1.0000001192092896
547159	547155	нзс нзс обесценение проводка списание счет	нзс нзс обесценение проводка списание счет	1.0000001192092896
570338	570324	ндфл сформировывать уведомление	ндфл сформировывать уведомление	1.0000001192092896
574221	574222	безвозмездный возвратный основа оставаться отходы подрядчик	безвозмездный возвратный основа оставаться отходы подрядчик	1.0000001192092896
576056	576071	2024 доход минус политика расход усна учетный	2024 доход минус политика расход усна учетный	1.0000001192092896
578450	100000052	налог транспортный	налог транспортный	1.0000001192092896
579212	579215	капитал уменьшение уставной форма	капитал уменьшение уставной форма	1.0000001192092896
579188	579184	будущий период прекращать расход списание	будущий период прекращать расход списание	1.0000001192092896
581004	581008	модернизация нма учет	модернизация нма учет	1.0000001192092896
588854	578736	вклад имущество налогообложение нма	вклад имущество налогообложение нма	1.0000001192092896
589600	574701	данные персональный утечка штраф	данные персональный утечка штраф	1.0000001192092896
590818	590808	контрольный новый рсв соотношение	контрольный новый рсв соотношение	1.0000001192092896
590236	590233	безнадежный дебиторский задолженность усна	безнадежный дебиторский задолженность усна	1.0000001192092896
590900	591134	дата знак какой принимать товарный учет	дата знак какой принимать товарный учет	1.0000001192092896
592618	592620	6 заполнение ндфл обособленный подразделение	6 заполнение ндфл обособленный подразделение	1.0000001192092896
564933	564934	2022 запас нужда политика управленческий учет учетный	2022 запас нужда политика управленческий учет учетный	1.0000001192092896
410102	578625	вычет ндс сырьевой товар	вычет ндс сырьевой товар	1.0
572674	572672	бухгалтерский льгота ндс общепит применение справка условие	бухгалтерский льгота ндс общепит применение справка условие	1.0
430864	571516	подпись приказ счет фактура	подпись приказ счет фактура	1.0
436069	535772	должностной доставка инструкция менеджер	должностной доставка инструкция менеджер	1.0
466511	466510	налог пять схема уход	налог пять схема уход	1.0
476596	571720	акт обязательный оказывать подпись реквизит услуга	акт обязательный оказывать подпись реквизит услуга	1.0
486553	525133	инвентаризация касса проводить	инвентаризация касса проводить	1.0
489685	490217	директор договор оригинал подписывать смениться	директор договор оригинал подписывать смениться	1.0
496664	496670	арендовать дом ндс ремонт	арендовать дом ндс ремонт	1.0
500728	500729	texts	texts	1.0
500728	500730	texts	texts	1.0
500728	500731	texts	texts	1.0
500728	500724	texts	texts	1.0
500728	500727	texts	texts	1.0
500729	500730	texts	texts	1.0
500729	500731	texts	texts	1.0
500729	500724	texts	texts	1.0
500729	500727	texts	texts	1.0
500730	500731	texts	texts	1.0
500730	500724	texts	texts	1.0
500730	500727	texts	texts	1.0
500731	500724	texts	texts	1.0
500731	500727	texts	texts	1.0
500724	500727	texts	texts	1.0
502175	573611	адрес псн смена	адрес псн смена	1.0
503173	503185	доход и ипать налог платить профессиональный самозанимать	доход и ипать налог платить профессиональный самозанимать	1.0
506202	512830	лицензия снижение численность штраф	лицензия снижение численность штраф	1.0
506203	512831	мобилизация продление разрешение сотрудник	мобилизация продление разрешение сотрудник	1.0
508257	508261	расход реклама сеть социальный учитывать	расход реклама сеть социальный учитывать	1.0
509366	580981	акт запрос ифнс налог сверка	акт запрос ифнс налог сверка	1.0
509368	581000	акт идти какой налоговый не отрегулировать проводка с сверка	акт идти какой налоговый не отрегулировать проводка с сверка	1.0
530939	530467	автомобиль лизинг	автомобиль лизинг	1.0
540732	570412	график каждый компания ли обязательно отпуск составлять	график каждый компания ли обязательно отпуск составлять	1.0
541754	544026	декларация нвос плата	декларация нвос плата	1.0
555980	555975	доверенность машиночитаемый отзыв	доверенность машиночитаемый отзыв	1.0
557766	557703	безработица заработок определение пособие размер справка средний	безработица заработок определение пособие размер справка средний	1.0
569373	100000041	3ндфл	3ндфл	1.0
569962	569963	возражение исчисление налог сообщение транспортный	возражение исчисление налог сообщение транспортный	1.0
578581	578589	декларация заполнять неподтвержденный экспорт	декларация заполнять неподтвержденный экспорт	1.0
582473	582508	запрос котировка проведение срок	запрос котировка проведение срок	1.0
584760	100000011	инспекция налоговый пояснение составлять	инспекция налоговый пояснение составлять	1.0
590792	590799	долг резерв сомнительный счет учет	долг резерв сомнительный счет учет	1.0
590792	590799	долг переход резерв сомнительный усна	долг переход резерв сомнительный усна	1.0
590900	591134	знак поставлять товарный учет	знак поставлять товарный учет	1.0
10136	14067	аренда выкуп договор имущество недвижимый последующий с	аренда выкуп договор имущество недвижимый последующий с	0.9999999403953552
436069	535772	бухгалтер гтд должностной инструкция ндс	бухгалтер гтд должностной инструкция ндс	0.9999999403953552
436069	535772	водитель должностной инструкция манипулятор	водитель должностной инструкция манипулятор	0.9999999403953552
438790	438784	лизинг передача	лизинг передача	0.9999999403953552
577298	577300	15 доход ндфл определяться пример совокупный	15 доход ндфл определяться пример совокупный	0.9999999403953552
464097	581083	оплата сбор срок торговый	оплата сбор срок торговый	0.9999999403953552
489263	550049	алименты денежный сумма твердый	алименты денежный сумма твердый	0.9999999403953552
506200	512828	аренда договор мобилизация расторжение с связь срочный	аренда договор мобилизация расторжение с связь срочный	0.9999999403953552
517016	517023	больничный наступление отпуск отпуск перенос с связь	больничный наступление отпуск отпуск перенос с связь	0.9999999403953552
537231	538094	справедливый стоимость	справедливый стоимость	0.9999999403953552
554277	554264	акт безвозмездный передача прием хранение	акт безвозмездный передача прием хранение	0.9999999403953552
556815	100000070	видеоинструкция действие и образец отпуск справочник схема	видеоинструкция действие и образец отпуск справочник схема	0.9999999403953552
565221	565469	отпуск отражать расход учебный	отпуск отражать расход учебный	0.9999999403953552
568183	100000047	главное ноябрь	главное ноябрь	0.9999999403953552
592618	592619	6 куда ндфл обособленный подразделение сдавать	6 куда ндфл обособленный подразделение сдавать	0.9999999403953552
592581	592586	договор отсутствие трудовой	договор отсутствие трудовой	0.9999999403953552
415662	415655	автомобиль ведомость дефектный ремонт	автомобиль ведомость дефектный ремонт	0.9999998807907104
425045	425096	микротравма рф тк	микротравма рф тк	0.9999998807907104
431682	508156	директор кто подписывать приказ увольнение	директор кто подписывать приказ увольнение	0.9999998807907104
449726	519312	доверенность интерес мировой представление судья	доверенность интерес мировой представление судья	0.9999998807907104
466011	565073	2 3 кс кс кто подписывать	2 3 кс кс кто подписывать	0.9999998807907104
482867	485418	вредность и молоко	вредность и молоко	0.9999998807907104
500732	500728	texts	texts	0.9999998807907104
500732	500729	texts	texts	0.9999998807907104
500732	500730	texts	texts	0.9999998807907104
500732	500731	texts	texts	0.9999998807907104
500732	500724	texts	texts	0.9999998807907104
500732	500727	texts	texts	0.9999998807907104
506462	572301	налоговый режим	налоговый режим	0.9999998807907104
515763	519849	крупный сделка согласование	крупный сделка согласование	0.9999998807907104
536436	536288	вентиляция отражать расход система усна установка	вентиляция отражать расход система усна установка	0.9999998807907104
536813	550039	алименты взыскание приказ судебный	алименты взыскание приказ судебный	0.9999998807907104
540725	547816	больничный отпуск приказ продление с связь	больничный отпуск приказ продление с связь	0.9999998807907104
540726	547817	14 менее несоблюдение один ответственность отпуск продолжительность часть	14 менее несоблюдение один ответственность отпуск продолжительность часть	0.9999998807907104
547105	547009	вести главный книга	вести главный книга	0.9999998807907104
565073	466061	2 3 документ и кс кс обязательный первичный реквизит форма	2 3 документ и кс кс обязательный первичный реквизит форма	0.9999998807907104
570344	570487	имущество налог уведомление	имущество налог уведомление	0.9999998807907104
574090	574092	документ памятка срок хранение	документ памятка срок хранение	0.9999998807907104
579667	100000032	отчетность справочник	отчетность справочник	0.9999998807907104
582406	100000092	мрот новый	мрот новый	0.9999998807907104
584759	100000011	инспекция налоговый пояснение	инспекция налоговый пояснение	0.9999998807907104
590792	590799	долг заем неудержанный относить резерв сомнительный	долг заем неудержанный относить резерв сомнительный	0.9999998807907104
590792	590799	безнадежный восстановление долг задолженность резерв сомнительный списывать	безнадежный восстановление долг задолженность резерв сомнительный списывать	0.9999998807907104
590792	590799	60 долг резерв сомнительный счет	60 долг резерв сомнительный счет	0.9999998807907104
591261	100000043	6 ндфл форма	6 ндфл форма	0.9999998807907104
564933	564934	2019 5 запас нужда общество отношение предназначать применять управленческий фсба	2019 5 запас нужда общество отношение предназначать применять управленческий фсба	0.9999998807907104
2012	6978	вправе доверенность кто удостоверять	вправе доверенность кто удостоверять	0.9999998211860657
44605	100000055	2022 год календарь производственный	2022 год календарь производственный	0.9999998211860657
570340	570323	2023 уведомление уплата усна фнс	2023 уведомление уплата усна фнс	0.9999998211860657
570340	570323	заполнение пример уведомление усна	заполнение пример уведомление усна	0.9999998211860657
570350	570309	енп кбк ндфл уведомление февраль	енп кбк ндфл уведомление февраль	0.9999998211860657
438794	438781	2018 25 бухучет и имущество лизинг лизингодатель отражать передача правило приобретение фсба	2018 25 бухучет и имущество лизинг лизингодатель отражать передача правило приобретение фсба	0.9999998211860657
438794	438784	2018 25 бухучет и имущество лизинг лизингодатель отражать передача правило приобретение фсба	2018 25 бухучет и имущество лизинг лизингодатель отражать передача правило приобретение фсба	0.9999998211860657
438781	438784	2018 25 бухучет и имущество лизинг лизингодатель отражать передача правило приобретение фсба	2018 25 бухучет и имущество лизинг лизингодатель отражать передача правило приобретение фсба	0.9999998211860657
569679	569680	кбк справочник	кбк справочник	0.9999998211860657
454660	455465	ипать отсутствие печать пояснение	ипать отсутствие печать пояснение	0.9999998211860657
478683	478744	доставка оборудование расход	доставка оборудование расход	0.9999998211860657
506202	512830	лицензия мобилизация приостановление	лицензия мобилизация приостановление	0.9999998211860657
506195	512823	ипать ликвидация мобилизация	ипать ликвидация мобилизация	0.9999998211860657
507451	507452	возмещение ндс просрочивать списывать срок	возмещение ндс просрочивать списывать срок	0.9999998211860657
509368	581000	акт ифнс расхождение с сверка	акт ифнс расхождение с сверка	0.9999998211860657
520020	529542	ведение журнал и отходы подразделение потребление производство учет	ведение журнал и отходы подразделение потребление производство учет	0.9999998211860657
525158	525155	ндс реализация сторнировать	ндс реализация сторнировать	0.9999998211860657
528964	528933	баланс новый организация сдача срок	баланс новый организация сдача срок	0.9999998211860657
540726	547817	делить отпуск отсутствие согласие сотрудник часть штраф	делить отпуск отсутствие согласие сотрудник часть штраф	0.9999998211860657
550002	550018	аванс гостиница ндс	аванс гостиница ндс	0.9999998211860657
550446	551485	вычет документ инвалид какой ребенок	вычет документ инвалид какой ребенок	0.9999998211860657
570483	588962	написать	написать	0.9999998211860657
574221	574222	возвратный отходы экспорт	возвратный отходы экспорт	0.9999998211860657
578728	578729	лицензия медицинский нма признак это	лицензия медицинский нма признак это	0.9999998211860657
581011	100000065	ндс	ндс	0.9999998211860657
581217	581198	где криптовалюта приобретать	где криптовалюта приобретать	0.9999998211860657
590792	590799	долг резерв сомнительный уменьшение	долг резерв сомнительный уменьшение	0.9999998211860657
19204	19205	показатель расчет	показатель расчет	0.9999997615814209
570337	570339	4 и кв налог ндс но подавать прибыль уведомление	4 и кв налог ндс но подавать прибыль уведомление	0.9999997615814209
572674	572697	7 декларация ндс общепит раздел	7 декларация ндс общепит раздел	0.9999997615814209
441807	554260	акт возврат с товар хранение	акт возврат с товар хранение	0.9999997615814209
478675	541933	и косвенный прямой расход транспортный	и косвенный прямой расход транспортный	0.9999997615814209
500236	579667	2023 декабрь отчетность	2023 декабрь отчетность	0.9999997615814209
506198	512826	взнос врать ипать мобилизация себя	взнос врать ипать мобилизация себя	0.9999997615814209
537920	537921	есхн уплата	есхн уплата	0.9999997615814209
540725	547816	листок нетрудоспособность отпуск после приказ продление	листок нетрудоспособность отпуск после приказ продление	0.9999997615814209
553040	554411	водитель лист месяц несколько путевой	водитель лист месяц несколько путевой	0.9999997615814209
565419	571310	2024 взнос год ита компания ставка	2024 взнос год ита компания ставка	0.9999997615814209
569460	569495	гостайн график закупка план	гостайн график закупка план	0.9999997615814209
579238	579239	аусна и ипать какой компания мочь переходить	аусна и ипать какой компания мочь переходить	0.9999997615814209
578722	578729	актив качество критерий нематериальный нма объект признание приобретать	актив качество критерий нематериальный нма объект признание приобретать	0.9999997615814209
578581	578589	180 декларация день неподтвержденный отражать течение экспорт	180 декларация день неподтвержденный отражать течение экспорт	0.9999997615814209
580410	578736	амортизация вклад имущество нма	амортизация вклад имущество нма	0.9999997615814209
580410	580050	амортизация вклад имущество нма	амортизация вклад имущество нма	0.9999997615814209
578736	580050	амортизация вклад имущество нма	амортизация вклад имущество нма	0.9999997615814209
432509	484578	аренда договор имущество недвижимый расторжение	аренда договор имущество недвижимый расторжение	0.9999997019767761
436069	535772	должностной инструкция менеджер перевозка	должностной инструкция менеджер перевозка	0.9999997019767761
465539	465546	авансовый дата отчет признание расход	авансовый дата отчет признание расход	0.9999997019767761
466039	480526	взыскание и неустойка одновременно поставка просрочка срок штраф	взыскание и неустойка одновременно поставка просрочка срок штраф	0.9999997019767761
502157	502154	и маркировка молочный патент продукция	и маркировка молочный патент продукция	0.9999997019767761
506201	512829	госконтракт изменение мобилизация сотрудник условие	госконтракт изменение мобилизация сотрудник условие	0.9999997019767761
506195	512823	закрывать ипать мобилизация	закрывать ипать мобилизация	0.9999997019767761
517062	517065	2023 документ зарплата индексация	2023 документ зарплата индексация	0.9999997019767761
524834	571784	имущество налог объект ос списание	имущество налог объект ос списание	0.9999997019767761
524751	524756	договор дополнительный заключать присоединение реорганизация случай соглашение форма	договор дополнительный заключать присоединение реорганизация случай соглашение форма	0.9999997019767761
567493	582807	минимум прожиточный региональный	минимум прожиточный региональный	0.9999997019767761
572157	571004	2023 год отчет сдача срок	2023 год отчет сдача срок	0.9999997019767761
578727	578722	лимит мало нма учитывать	лимит мало нма учитывать	0.9999997019767761
578413	578415	закрытие ипать срок уплата усна	закрытие ипать срок уплата усна	0.9999997019767761
578845	100000097	и мобилизация оплачивать призыв сотрудник учитывать	и мобилизация оплачивать призыв сотрудник учитывать	0.9999997019767761
578581	578589	декларация ндс неподтвержденный экспорт	декларация ндс неподтвержденный экспорт	0.9999997019767761
588387	589010	14 2022 нма отчетность раскрытие фсба	14 2022 нма отчетность раскрытие фсба	0.9999997019767761
591036	591042	6 ндфл ответственность уточненка	6 ндфл ответственность уточненка	0.9999997019767761
578736	580050	вклад имущество нма	вклад имущество нма	0.9999997019767761
516667	100000099	бух лента новость сентябрь	бух лента новость сентябрь	0.9999996423721313
570340	570323	без оплата уведомление усна	без оплата уведомление усна	0.9999996423721313
507451	507452	брак и ндс расход списывать списывать	брак и ндс расход списывать списывать	0.9999996423721313
511065	547210	заработный нарушение плата срок	заработный нарушение плата срок	0.9999996423721313
540735	547825	выход декрет декретчица отпуск после	выход декрет декретчица отпуск после	0.9999996423721313
540747	547838	а браться день другой один отпуск период приказ часть часть	а браться день другой один отпуск период приказ часть часть	0.9999996423721313
542971	542966	25 бух лизингодатель пример учет учет фсба	25 бух лизингодатель пример учет учет фсба	0.9999996423721313
547209	580149	зарплата срок	зарплата срок	0.9999996423721313
551407	551414	должность совмещение	должность совмещение	0.9999996423721313
584809	584812	2018 имущество пояснение ставка	2018 имущество пояснение ставка	0.9999996423721313
584368	584363	кто мочь проект сколково становиться участник	кто мочь проект сколково становиться участник	0.9999996423721313
584788	584789	взнос вместо налоговый платежок пояснение уведомление	взнос вместо налоговый платежок пояснение уведомление	0.9999996423721313
589379	589368	1 2 быть должный или какой ндс с статус упд	1 2 быть должный или какой ндс с статус упд	0.9999996423721313
590792	590799	день долг последний рассчитываться резерв сомнительный	день долг последний рассчитываться резерв сомнительный	0.9999996423721313
2012	6978	доверенность заверять кто мочь	доверенность заверять кто мочь	0.9999995827674866
10852	554059	заявление увольнение	заявление увольнение	0.9999995827674866
398227	398226	d быть испытательный перевод порядок прием срок	d быть испытательный перевод порядок прием срок	0.9999995827674866
429339	429337	доход енвд переход признание с усна	доход енвд переход признание с усна	0.9999995827674866
446064	551117	аренда арендатор проводка	аренда арендатор проводка	0.9999995827674866
471960	480115	договор проводка усна цессионарий цессия	договор проводка усна цессионарий цессия	0.9999995827674866
478702	478819	должный зарегистрироваться зерно кто фгис	должный зарегистрироваться зерно кто фгис	0.9999995827674866
480516	480521	1530 вычет доход имущественный код	1530 вычет доход имущественный код	0.9999995827674866
503177	503166	2021 взнос самозанимать страховой	2021 взнос самозанимать страховой	0.9999995827674866
537777	538094	аренда справедливый стоимость	аренда справедливый стоимость	0.9999995827674866
540735	547825	1 5 а беременность взять год и окончание отпуск отпуск очередной после потом ребенок род сотрудница уход уходить	1 5 а беременность взять год и окончание отпуск отпуск очередной после потом ребенок род сотрудница уход уходить	0.9999995827674866
540743	547833	отпуск последующий приказ с увольнение форма	отпуск последующий приказ с увольнение форма	0.9999995827674866
436069	535772	должностной инструкция менеджер туризм	должностной инструкция менеджер туризм	0.9999995231628418
491876	491877	бухучет исправлять ошибка период текущий	бухучет исправлять ошибка период текущий	0.9999995231628418
504399	504406	акт карта передача прием сей	акт карта передача прием сей	0.9999995231628418
507624	520800	есхн ндс освобождение уведомление	есхн ндс освобождение уведомление	0.9999995231628418
525863	525519	6 ипать ликвидация ндфл	6 ипать ликвидация ндфл	0.9999995231628418
548036	548085	вложение капитальный относиться	вложение капитальный относиться	0.9999995231628418
565419	571310	2024 взнос год ита компания тариф	2024 взнос год ита компания тариф	0.9999995231628418
455260	557343	долг прощение	долг прощение	0.999999463558197
455260	451347	долг прощение	долг прощение	0.999999463558197
554254	554277	безвозмездный налогообложение хранение	безвозмездный налогообложение хранение	0.999999463558197
554275	554266	документ реализация склад со хранение	документ реализация склад со хранение	0.999999463558197
557343	451347	долг прощение	долг прощение	0.999999463558197
469520	506726	ввоз заплатить когда ндс товар	ввоз заплатить когда ндс товар	0.9999994039535522
473753	473744	доход минус переход расход уведомление усна	доход минус переход расход уведомление усна	0.9999994039535522
481835	100000091	2022 21 год мобилизация оплачиваться россия с сентябрь частичный	2022 21 год мобилизация оплачиваться россия с сентябрь частичный	0.9999994039535522
489715	497947	договор кто мочь подписывать приложение	договор кто мочь подписывать приложение	0.9999994039535522
426549	569521	2018 25 аренда лес фсба	2018 25 аренда лес фсба	0.9999994039535522
540749	547840	год график использовать не отпуск отпуск прошлый	год график использовать не отпуск отпуск прошлый	0.9999994039535522
550908	551808	выплата дивиденд прибыль проводка распределение чистый	выплата дивиденд прибыль проводка распределение чистый	0.9999994039535522
571886	576155	взнос и ипать налог срок уплата	взнос и ипать налог срок уплата	0.9999994039535522
578736	580050	вид вклад дочерний имущество компания нма	вид вклад дочерний имущество компания нма	0.9999994039535522
2164	441954	доказывать оказывать услуга	доказывать оказывать услуга	0.9999993443489075
466511	466510	взнос и налог снижать спецпроект	взнос и налог снижать спецпроект	0.9999993443489075
519222	100000076	командировка	командировка	0.9999993443489075
521732	565464	данные документ персональный	данные документ персональный	0.9999993443489075
540743	547833	отпуск прерывание приказ с связь увольнение	отпуск прерывание приказ с связь увольнение	0.9999993443489075
557598	557451	заявление погребение фсс	заявление погребение фсс	0.9999993443489075
472690	472685	некоммерческий организация основной продажа средство усна	некоммерческий организация основной продажа средство усна	0.9999992847442627
542972	542973	проводка сублизинг	проводка сублизинг	0.9999992847442627
570457	570359	два ндфл подавать уведомление	два ндфл подавать уведомление	0.9999992847442627
590900	591134	100000 бухгалтерский затрата знак и менее налоговый руб товарный учет	100000 бухгалтерский затрата знак и менее налоговый руб товарный учет	0.9999992847442627
454103	454113	ипать ли накладная обязательный печать товарный	ипать ли накладная обязательный печать товарный	0.9999991655349731
566922	566924	расчет сбор утилизационный	расчет сбор утилизационный	0.9999991059303284
574221	574222	2021 возвратный выпуск год образование отходы продукция	2021 возвратный выпуск год образование отходы продукция	0.9999990463256836
580411	580412	14 2022 амортизация балансовый ее конец начислять нма объект равный срок становиться стоимость так фсба	14 2022 амортизация балансовый ее конец начислять нма объект равный срок становиться стоимость так фсба	0.9999989867210388
33279	33279	компенсация отпуск последующий с увольнение	компенсация отпуск последующий с с увольнение	0.9993094801902771
436003	436324	0400400010 бухгалтерский код отчетность ошибка	0400400020 бухгалтерский код отчетность ошибка	0.9988068342208862
3684	3684	арендный давность и исковой какой коммунальный неуплата платеж платеж срок	арендный давность и исковой какой коммунальный неуплата платеж платеж срок срок	0.9986228942871094
516115	516115	бухгалтерский расчет справка суточные	бухгалтерский расчет справка суточный	0.9986097812652588
489310	489310	2023 год ипать каникулы налоговый	2023 ипать каникулы налоговый	0.9984815120697021
497286	497286	вернуть восстанавливать давность заявление исковой исковый не подавать подсудность срок суд суд тот	вернуть восстанавливать давность заявление иск исковой исковый не подавать подсудность срок суд суд тот	0.9981425404548645
44605	100000055	2022 год календарь производственный	2022 календарь производственный	0.9977244734764099
100000055	100000055	2022 календарь производственный	2022 год календарь производственный	0.9977243542671204
44028	44029	2018 25 возврат лизинг лизингополучатель отражать предмет проводка фсба	2018 25 возврат лизинг лизингодатель отражать предмет проводка фсба	0.9977060556411743
506561	506561	09 2018 25 77 и и счет фсба	09 2018 25 77 и счет фсба	0.9976190328598022
571020	571020	2023 г контролируемый сделка уведомление	2023 контролируемый сделка уведомление	0.9975429773330688
516959	516950	вакцинация день оплачиваться	вакцинация день оплачивать	0.9973041415214539
509368	581000	акт налоговый разногласие с сверка	акт налоговый разногласие с с сверка	0.9972261190414429
579667	100000106	2023 год отчетность	2023 отчетность	0.9970660209655762
578845	578839	мобилизация оплачивать	мобилизация оплачиваться	0.9970653057098389
572157	571004	2023 отчетность срок	2023 год отчетность срок	0.9969676733016968
418912	418912	2022 год инфляция процент	2022 год инфляция коэффициент	0.9969547390937805
100000080	100000080	2023г аванс ндфл с удерживать	2023 аванс ндфл с удерживать	0.9968777298927307
555964	578370	01 09 2023 г подпись с электронный	01 09 2023 подпись с электронный	0.9968018531799316
550590	550590	график договор работа сменный трудовой	график договор работа с сменный трудовой	0.9967800378799438
491790	491790	денежный пользование средство чужой	денежный использование средство чужой	0.9967103600502014
35205	35205	гарантийный договор срок	гарантийный договор с срок	0.9966742396354675
507439	581020	вычет налоговый ндс с снимать	вычет налоговый ндс снимать	0.9966548681259155
100000087	100000087	2022 год зарплата	2022г зарплата	0.9963896870613098
569670	569672	01 01 02130 1 1000 110 182	01 01011 05 1 1000 110 182	0.9963340163230896
44028	44029	бухучет возврат лизинг лизингополучатель предмет	бухучет возврат лизинг лизингодатель предмет	0.9963051080703735
11029	11943	договор доля капитал купля ооо продажа уставной	договор доля капитал купля продажа уставной	0.9962936043739319
570340	570323	2022 налог подавать уведомление усна	2022 налог сдавать уведомление усна	0.9960505366325378
100000036	100000036	2021 политика учетный	2021 политик учетный	0.996035099029541
516959	516950	вакцинация выходной день оплачивать после	вакцинация выходной оплачивать после	0.9959390759468079
463437	463437	исправление коррекция ошибка чек	исправлять коррекция ошибка чек	0.9958520531654358
3040	3040	2020 налог срок уплата	2020 год налог срок уплата	0.9958098530769348
483030	100000097	мобилизациюм оформлять	мобилизация оформлять	0.9957863688468933
585807	585804	60 выплата день дивиденд дивиденд единый много можно ооо срок увеличивать учредитель чем	60 выплата день дивиденд дивиденд единый много можно срок увеличивать учредитель чем	0.9957044720649719
590792	590799	долг не резерв сомнительный формирование штраф	долг не резерв сомнительный формировать штраф	0.9956381320953369
100000087	100000087	2022 зарплата	2022г зарплата	0.9956165552139282
578452	578452	налог прицеп с транспортный	налог прицеп транспортный	0.9955810904502869
428245	577826	взнос пеня страховой учет	взнос пеня расчет страховой	0.9954686760902405
590238	590238	безнадежный дебиторский задолженность налоговый списывать учет	безнадежный дебиторский задолженность налоговый списание учет	0.9954304695129395
520660	586521	2024 беременность год и пособие род	2024 беременность год и пособие род с	0.9954269528388977
516395	519063	аренда арендатор договор модификация	аренда арендодатель договор модификация	0.9953904151916504
559972	590896	2024 год инфляция коэффициент	2024 инфляция коэффициент	0.995322048664093
537780	537780	зачем справедливый стоимость	зачем надо справедливый стоимость	0.9953095316886902
551117	551119	2018 25 аренда арендатор проводка фсба	2018 25 аренда арендодатель проводка фсба	0.9952009320259094
411263	100000106	2022 отчетность	2022г отчетность	0.9951716065406799
579718	579718	безработный получать субсидия	безработный получать прием субсидия	0.9950950145721436
576655	536273	2024 московский область реквизит травматизм	2023 московский область реквизит травматизм	0.9950396418571472
586521	590999	2024 беременность и мрот пособие род	2024 беременность и ипать пособие род	0.9950335621833801
16619	16619	декларация камеральный ндс проверка уточнять	декларация камеральнай ндс проверка уточнять	0.9949110150337219
100000046	100000046	2021 год день и и нерабочий ноябрь октябрь оплачивать оформлять	2021 день и и нерабочий ноябрь октябрь оплачивать оформлять	0.9948850870132446
574037	574037	2023 единый налоговый платеж ставка	2023 год единый налоговый платеж с ставка	0.9948608875274658
575018	571568	2023 декларация ндс	2023 год декларация ндс	0.9948567152023315
576388	576388	договор суммировать трудовой	договор с суммировать трудовой	0.9948484301567078
46228	46228	доля ооо продажа решение участник	доля ооо продажа решение участник участник	0.9948390126228333
569674	569675	01 02 02000 1 1000 160 182 кбк	01 01000 02 1 1000 160 182 кбк	0.9948294162750244
592579	592590	заявление оп прием работа	заявление прием работа	0.9947757124900818
565291	570349	18210201000011000160 кбк уведомление	18210201010011000160 кбк уведомление	0.9947694540023804
559912	559912	гид проводок фсба	гид проводка фсба	0.9946652054786682
573091	573091	2024 земельный изменение налог с	2024 земельный изменение налог	0.9945385456085205
539146	539146	2023 водный коэффициент налог ставка	2023 водный год коэффициент налог ставка	0.9944278597831726
570340	570323	декларация доход ипать расход уведомление усна	декларация доход енс ипать расход уведомление усна	0.994321882724762
576198	576198	2024 выплата год отпускной срок	2024 год оплата отпускной срок	0.9942988157272339
503177	503179	налог платить самозанимать	налог оплачивать самозанимать	0.9941108226776123
569381	573329	3 декларация земельный ндфл подача продажа с участок	3 декларация земельный ндфл продажа участок	0.9940971732139587
590792	590799	временный долг или какой постоянный разница резерв сомнительный	временный долг или постоянный разница резерв сомнительный	0.9940168261528015
580132	580132	несвоевременный отчетность сдача штраф	несвоевременный отчетность сдавать штраф	0.993806004524231
491453	491453	запись инвалидность книжка с связь трудовой увольнение	запись инвалидность книжка трудовой увольнение	0.993727445602417
583619	100000101	2023 изменение ндфл	2023год изменение ндфл	0.9936259388923645
579494	579494	долг налог прибыль прощение	долг доход налог прибыль прощение	0.9935885071754456
431471	574446	доход и ипать книга осноусна расход учет форма	доход и ипать книга расход учет форма	0.9935813546180725
568737	576071	2024 год доход минус политика расход учетный	2024 доход минус политика расход усна учетный	0.9935675859451294
568737	576056	2024 год доход минус политика расход учетный	2024 доход минус политика расход усна учетный	0.9935675263404846
574009	571126	2023 год рсв	2023 рсв	0.9935299158096313
565291	569680	18210201000011000160 кбк	18210102010013000110 кбк	0.9934959411621094
590236	590243	безнадежный дебиторский задолженность усна	безнадежный дебиторский задолженность	0.9934619069099426
590243	590233	безнадежный дебиторский задолженность	безнадежный дебиторский задолженность усна	0.9934619069099426
590236	590232	безнадежный дебиторский задолженность усна	безнадежный дебиторский задолженность	0.9934617877006531
590232	590233	безнадежный дебиторский задолженность	безнадежный дебиторский задолженность усна	0.9934617877006531
507923	507923	амортизация модернизация налоговый расчет учет	амортизация модернизация налоговый учет	0.993351936340332
558070	557414	налог обособленный подразделение прибыль реквизит уплата	налог обособленный подразделение прибыль уплата	0.9933436512947083
100000009	100000009	2023 год лимит патент	2023 год какой лимит патент	0.9933187961578369
572091	572091	больничный взнос с страховой	больничный взнос начисление с страховой	0.9932951927185059
428245	577826	взнос пеня страховой учет	взнос начисление пеня страховой	0.9932190775871277
33273	490288	отпуск оформлять последующий с увольнение	отпуск оформлять последующий с сзв тд увольнение	0.9932119250297546
405885	100000036	2021 г политика учетный	2021 политика учетный	0.992996871471405
489397	539650	2023год внесение изменение политика приказ учетный	2023 год изменение политика приказ учетный	0.9929642677307129
489397	489397	2023 год изменение политика приказ учетный	2023год внесение изменение политика приказ учетный	0.9929640293121338
575019	575019	2 декларация заполнять ндс раздел	2 декларация заполнение ндс раздел	0.992962658405304
570309	570309	срок уведомление февраль	подача срок уведомление февраль	0.9929242730140686
584759	100000011	инспекция налоговый пояснение	инспекция налоговый пояснение составлять	0.9929173588752747
584759	584760	инспекция налоговый пояснение	инспекция налоговый пояснение составлять	0.9929172992706299
100000011	100000011	инспекция налоговый пояснение составлять	инспекция налоговый пояснение	0.9929171204566956
584760	100000011	инспекция налоговый пояснение составлять	инспекция налоговый пояснение	0.992917001247406
587954	524803	дивиденд налог прибыль	дивиденд налог прибыль с	0.9928867816925049
578707	578707	днр запорожский и лнр налог область переходный период правило херсонский	днр запорожский и лнр налог область переходный период присоединять херсонский	0.9928562641143799
540743	547833	отпуск последующий приказ с составлять увольнение	отпуск последующий приказ с увольнение	0.9928367137908936
586623	586623	единица единственный заключение контракт поставщик с цена	единица единственный заключение контракт поставщик с товар цена	0.9926828145980835
577826	591793	взнос пеня расчет страховой	взнос расчет страховой	0.9926126003265381
534080	537101	2023 оплата реквизит сбор экологический	2023 год оплата сбор экологический	0.9925854802131653
581072	590622	авансовый имущество налог платеж	авансовый имущество налог платеж расчет	0.9925679564476013
432510	432510	аренда арендатор договор исполнение отказ составлять уведомление	арендатор договор исполнение отказ составлять уведомление	0.9923565983772278
533409	533409	заказ наряд предоставление средство транспортный	заказ наряд предоставление средство транспортный форма	0.9923337697982788
573305	585044	выгода материальный ндфл с ставка	выгода материальный ндфл ставка	0.9923142194747925
588303	588303	беременность больничный запрос ответ фсс	беременность больничный запрос ответ сфр	0.9923096895217896
411263	100000064	2022 бухгалтер календарь	2022 бухгалтер год календарь	0.9922756552696228
100000064	100000064	2022 бухгалтер календарь	2022 бухгалтер год календарь	0.9922756552696228
509828	570797	беременность и отпуск роды	беременность и отпуск род часть	0.9922114610671997
588306	588306	входить делать запрос не поступать работодатель фсс	входить делать запрос не поступать работодатель сфр	0.9921839237213135
534533	535776	2023 год премия	2023 премия	0.9920715689659119
540743	547833	отпуск последующий приказ с увольнение форма	отпуск последующий приказ с увольнение	0.992055356502533
547833	547833	отпуск последующий приказ с увольнение форма	отпуск последующий приказ с увольнение	0.9920550584793091
497425	519898	вкладыш книжка покупка трудовой	вкладыш книжка купить трудовой	0.9919788241386414
508260	508260	какой нормировать расход реклама	нормировать расход реклама	0.9919134378433228
582894	582894	маркировка фотокамера	маркировка фотоаппарат	0.9919032454490662
100000087	100000087	2022 зарплата	2022 год зарплата	0.9918542504310608
577405	590923	01 01 2024 изменение с	01 03 2024 изменение с	0.9918442368507385
536457	536457	выкуп договор имущество лизинговый отражать	выкуп договор имущество лизинг отражать	0.9918432235717773
501154	501154	акциз декларация срок	акциз декларация предоставление срок	0.9918239116668701
578621	590506	180 день подтверждение считать экспорт	180 день подтверждение посчитать экспорт	0.9917949438095093
436069	535772	должностной инструкция юрисконсульт	должностной инструкция юрист	0.9917069673538208
481692	481692	административный снижать штраф	административный уменьшение штраф	0.9916985034942627
517061	517062	2023 зарплата индексация июнь коэффициент	2023 зарплата индексация июнь	0.9916083812713623
508262	508262	каков норма расход реклама	норма расход реклама	0.9916011095046997
502037	502037	договор компания оно оформлять подписывать преамбула управляющий	договор компания оно подписывать преамбула управляющий	0.9915955662727356
576655	576655	взнос регион реквизит справочник травматизм	взнос регион реквизит травматизм	0.9914764165878296
509391	509391	обособленный подразделение расписание штатный	обособленный подразделение расписание с штатный	0.9914552569389343
435202	435202	договор со срок трудовой	договор заключение срок трудовой	0.991453230381012
496664	496662	2023 автомобиль аренда взнос год и лицо ндфл расход ремонт страховка учет физический	2021 автомобиль аренда взнос год и лицо ндфл расход ремонт страховка учет физический	0.9913848638534546
532368	532368	заем лимит наличные расчет	заем лимит наличный расчет	0.9913277626037598
575010	584811	ндс пояснительный уточненка	ндс пояснение уточненка	0.9913257360458374
477854	477854	директор полномочие совет	директор ооо полномочие совет	0.9913042187690735
552221	552221	223 вариант дата договор еис отличный печатный подписание фз	223 вариант дата договор еис и отличный печатный подписание фз	0.991271436214447
431471	574443	доход и книга основной расход средство учет	доход и книга основной расход средство усна учет	0.9912545084953308
574009	572782	2023 год рсв	2023 сзв тд	0.991241455078125
543003	542987	автомобиль лицо покупка юр	автомобиль лицо покупка физлицо юр	0.9912102222442627
24466	100000077	test	тест	0.9912051558494568
3040	3040	2020 налог срок уплата	2020 налог оплата срок	0.9911686182022095
41431	41431	2022 политика приказ утверждение учетный	2022 образец политика приказ утверждение учетный	0.9910492300987244
430250	584760	документ ответ предоставлять требование	документ ответ предоставление требование	0.9910396337509155
537101	537106	2023 год оплата сбор экологический	2023 сбор уплата экологический	0.9910281300544739
569413	569413	09 1279 2019 30 время годок график действие закон количество количество купить ответ очередь план план планировать постановлять правительство признательный утро федерация финансы финансы	09 1279 2019 30 бюджет годок график действие закон количество количество купить не невовремя ответ очередь план планировать постановлять правительство признательный утро федерация финансы	0.9910210371017456
580214	580215	2024 год ндс платить	2024 год заплатить ндс	0.9910138845443726
586614	586614	бюджетный единственный контракт обязательство поставщик принимать с	бюджетный единственный контракт обязательство поставщик присваивать с	0.9910107851028442
471762	471758	безопасность инструктаж когда пожарный проводить	безопасность инструктаж пожарный проводить	0.9909656047821045
1992	1992	гарантийный договор не поставка срок указывать	гарантийный договор не срок устанавливать	0.990943968296051
579455	579455	беспроцентный выгода заем материальный	беспроцентный выгода доначисление заем материальный	0.9909321069717407
580271	580273	крупный налогоплательщик	крупный налогоплательщик физлицо	0.9909036755561829
501589	501589	договор задолженность оплата поставка претензия составление срок	договор задолженность оплата поставка претензия срок	0.990892231464386
554956	554956	взнос компенсация медосмотр облагаться прохождение страховой	взнос затрата компенсация медосмотр прохождение страховой	0.9908038377761841
490291	490291	введение заявление книжка совместитель трудовой	ведение заявление книжка совместитель трудовой	0.9908028841018677
570943	570943	дистанционный имущество использование компенсация личный оформлять сотрудник	дистанционный имущество использование компенсация личный оформление сотрудник	0.9906668663024902
527188	527203	бухучет год исправлять ошибка прошлый существенный	бухучет год исправлять несущественный ошибка прошлый	0.9906327724456787
454507	576193	больничный отпуск перерасчет с связь	больничный отпуск пересчет с связь	0.9905995726585388
586523	571003	1 2024 год изменение отчетность с сдача январь	1 2024 г изменение отчетность с январь	0.9905704855918884
539650	100000104	2023 год политика учетный	2023 политика учетный	0.9905675649642944
570322	570345	2023 год налог транспортный уведомление	2023 енс налог транспортный уведомление	0.9905588030815125
577826	577826	взнос начисление пеня страховой	взнос пеня расчет страховой	0.9905585646629333
575014	583203	декларация корректировать ндс штраф	декларация корректировка ндс штраф	0.990543782711029
590489	590489	аванс исправление счет фактура	аванс сторно счет фактура	0.9904834032058716
590232	590233	безнадежный дебиторский задолженность списание	безнадежный дебиторский задолженность списывать	0.9904592037200928
569674	569675	1.8210202000011E+019	1.8210201000011E+019	0.9904570579528809
577825	577824	налог пеня расчет транспортный	налог пеня транспортный	0.990419864654541
570358	570352	налог несколько один уведомление	налог несколько один уведомление указывать	0.9903732538223267
482207	590234	давность исковой коап срок	давность исковой срок	0.9903696179389954
560996	560996	бытовой вещество дозатор жидкий и или который место мыло наличие обеспечиваться перечень помещение постоянный работник рабочий с санитарный смывать список утверждение	бытовой вещество дозатор жидкий и или который место мыло наличие обеспечиваться перечень помещение постоянный приказ работник рабочий с санитарный смывать список утверждение	0.990369439125061
573404	573404	02 1 10 1175 1998 военный г обязанность положение президент приложение рф транспортный указ	02 1 11 1998 военный г обязанность положение президент приказ приложение рф транспортный	0.9903159141540527
550063	550063	алименты взыскание госпошлина иск какой размер	алименты взыскание госпошлина иск размер	0.9902698397636414
567747	567747	223 включать ежемесячный командировочный ли отчет расход	223 вносить ежемесячный командировочный ли отчет расход	0.9902302622795105
482196	482196	межценовый ндс разница с	межценовый ндс разница	0.990221381187439
435202	435202	договор оформление срок трудовой	договор заключение срок трудовой	0.990156888961792
546394	546394	командировка оплачивать работа сверхурочный	командировка оплата работа сверхурочный	0.9901503920555115
507661	579701	налог приб срок уплата	налог срок уплата	0.9901184439659119
559723	559723	13014 вклад единственный заполнять заявление капитал общество р счет увеличение уставной учредитель форма	13014 вклад единственный заполнять заявление капитал общество р счет увеличение уставной участник форма	0.9900562763214111
540005	540005	давность исковой общий срок	давность исковой какой общий срок	0.9900502562522888
100000016	100000016	выплата отпускной срок	выплата отпуск срок	0.990034282207489
497829	428126	калькулятор рабочий стаж	калькулятор работник стаж	0.9900326132774353
405885	100000036	2021 г политика учетный	2021 политик учетный	0.9900190830230713
