TemplateID	LmQuery	Query
4975	должностной инструкция	должностная инструкция
4975	должность квалификационный справочник	квалификационный справочник должностей
4975	госзакпщик должностной инструкция	должностные инструкции госзакпщика
4975	госзакупки должностной инструкция менеджер образец	должностная инструкция менеджера по госзакупкам(образец)
6091	банкротство проверка	проверка на банкротство
6091	банкротство проверять	проверить на банкротство
6091	ликвидация проверка	проверку на ликвидацию
5985	конкурс питание	конкурс по питанию
5985	конкурс объявлять питание	как объявить конкурс по питанию
5985	обучающийся питание правило	питание обучающихся правила
5985	источник один питание приказ	приказ из одного источника питание
5985	питание пролонгация	пролонгация питания
5985	питание	питание
5985	горячий договор питание продлять	продлить договор по горячему питанию
5985	организация питание	организация питания
5985	воспитанник и конкурс обеспечение обучающийся питание приобретение с связывать товар	конкурс по приобретению товаров, связанных с обеспечением питания воспитанников и обучающихся
5985	воспитанник и конкурс обучающийся организация питание приобретение услуга	конкурс по приобретению услуг по организации питания воспитанников и обучающихся
5985	итог конкурс питание подведение приказ	приказ до подведения итогов конкурса по питанию
5985	а внешкольный государственный дополнительный образование образование обучаться организация организация организация питание правило приобретение с связывать средний также товар	правил организации питания обучающихся в государственных организациях среднего образования, внешкольных организациях дополнительного образования, а также приобретения товаров, связанных с
5986	закупка ндс питание	ндс при закупке питания
5986	ндс питание школа	НДС по питанию в школах
2353	бензин	бензин
2353	бензин тариф	тариф бензин
2353	бензин цена	цена бензина
2353	бензин июль первый с	бензин с первого июля
2353	14 бензин июль с	бензин с 14 июля
2353	дизтопливо	дизтопливо
2353	92 аи бензин	бензин аи 92
2353	95 аи бензин	бензин аи 95
2353	93 аи бензин	бензин аи 93
5174	конкурс не повторный состояться	если повторный конкурс не состоялся
5174	закупка несостоявшийся ценовый	несостоявшиеся закупки по ценовому
5174	делать закупка не состояться	что делать если закупка не состоялся
5174	закупка не не соответствовать состояться цена	закупка не состоялась не соответствует цена
5174	государственный закупка несостоявшийся проведение способ	проведении государственных закупок способом по несостоявшимся
5174	конкурс несостоять	конкурс несостоявшая
5174	закупка конкурс несостоявшийся	закупки по несостоявшемуся конкурсу
5174	заявка конкурс один	одна заявка конкурс
5174	закупка источник конкурс нестоявщейся объявление один создание способ	создание объявления из одного источника по нестоявщейся закупке способом конкурса
5174	вскрытие делать источник когда надо несостоявшийся один	из одного источника по несостоявшемся когда вскрытия надо делать ?
5174	1 закупка источник несостоявшийся приказ	приказ закупки из 1 источника по несостоявшемся
5174	допускать конкурс не не повторный поставщик состояться	повторный конкурс не состоялся не допущен поставщик
5174	вскрывать источник несостоявшийся один поставщик	как вскрыть поставщика из одного источника по несостоявшимся
5174	закупка закупка источник несостоявшийся один провожать	как проводить закупки из одного источника по несостоявшимся закупкам
5174	источник конкурс несостоявшийся один	один источник по несостоявшемуся конкурсу
5174	заявка конкурс один повторный	если в повторном конкурсе одна заявка
5021	герб	герб
5021	госсимсол	госсимсол
5021	флаг	флаг
1231	зцп субподряяд	Субподряяд по зцп
1231	1 2 субподряд	субподряд 1/2
1231	договор субподряд	субподряд по договору
1231	процент сколько субподряд	субподряд сколько процентов
1231	объем работа субподряд	объем работы субподряда
1231	квалификация соответствие субподрядчик	соответствие субподрядчика квалификации
1231	субподрядчик	субподрядчик
1231	запрос предложение субподряд ценовый	субподряд в запросе ценовых предложений
1231	заявка подача показывать субподрядчик	как показать субподрядчика при подаче заявки
1231	договор ли намерение обязательно привлечение субподряд	обязательно ли договор намерений при привлечение субподряда
1231	привлечение субподряд	привлечение субподряда
1231	договор намерение привлечение субподряд	договор намерений при привлечение субподряда
1231	субподряд	субподряд
1231	субподдядчик	субподдядчик
1231	госзакупки источник один субподряд	субподряд при госзакупках из одного источника
1231	госзакупки субподряд	субподряд при госзакупках
1231	гражданский договор ли лицо правовой с субподряд физ являться	является ли гражданско-правовой договор с физ лицом субподрядом
5465	кто штрафовать	кого штрафуют
5465	оштрафовать сколько	на сколько оштрафуют
5465	государственный закупка сфера штраф	штрафы в сфере государственных закупок
5465	закупка или лот начисляться штраф	штрафы начисляются на лоты или на закупку
5465	или конкурс налет штраф	штраф налет или на конкурс
257	конкурс открытый проводить	как провести открытый конкурс
257	алгоритм конкурс открытый проведение	алгоритм проведения открытого конкурса
257	конкурс открытый проводиться работа	как проводится открытый конкурс на работу
257	конкурс открытый проводиться услуга	как проводится открытый конкурс на услугу
1708	договор изменение с сумма уменьшение	изменение договора с уменьшением суммы
1708	договор сумма уменьшать	как уменьшить сумму договора
1708	допсоглашение уменьшение	допсоглашение на уменьшение
1708	договор уменьшение	договор на уменьшение
1708	дополнительный соглашение уменьшение	для дополнительное соглашение на уменьшение
1708	допы согл создавать уменьшение	как создать доп согл. на уменьшение
1708	договор приказ сумма уменьшение	приказ на уменьшение суммы договора
1708	договор приказ уменьшение	приказ при уменьшении договора
1708	приказ сумма уменьшение	приказ на уменьшение суммы
294	конкурс открытый срок	открытый конкурс сроки
294	конкурс открытый срок фото	открытый конкурс сроки фото
294	конкурс открытый шпаргалка	открытый конкурс шпаргалка
294	заявка конкурс открытый рассмотрение срок	срок рассмотрение заявки открытый конкурс
294	конкурс срок	сроки конкурса
393	второй договор заключение победитель поставщик признанный уклоняться	поставщик, признанный вторым победителем если уклонился от заключения договора
393	второй договор исполнять победитель уклоняться	если второй победитель уклонился исполнить договор
393	второй договор отказ победитель подписание	отказ от подписания договора вторым победителем
5166	закупка зцп несостоявшийся один	зцп из одного по несостоявшимся закупкам
5166	закупка источник конкурс несостоявшийся один открытый после	из одного источника по несостоявшимся закупкам после открытого конкурса
5166	закупка запрос источник несостоявшийся один предложение приказ ценовый	приказ из одного источника по несостоявшимся закупкам запрос ценовых предложений
5166	закупка запрос источник несостоявшийся один после предложение ценовый	из одного источника по несостоявшимся закупкам после запроса ценовых предложений
5166	закупка источник конкурс несостоявшийся один приказ	приказ о закупке из одного источника по несостоявшемуся конкурсу
5166	закупка закупка источник несостоявшийся один приказ проведение способ	приказ на проведение закупки способом из одного источника по несостоявшимся закупкам
5166	закупка запрос источник не один предложение состояться ценовый	запрос ценовых предложений из одного источника по не состоявшимся закупкам
5166	закупка закупка источник не несостоявшийся один состояться	закупка из одного источника по несостоявшимся закупкам не состоялась
5166	закупка повторный	повторные закупки
5166	закупка конкурс не пко с состояться	не состоялись закупки конкурса с пко
5166	закупка повторный проведение срок	срок проведения повторных закупок
5166	делать закупка не пункт с состояться	что делать с пунктами закупка не состоялась
5166	закупка источник не один состояться	один источник по не состоявшимся закупкам
5166	акцион выбирать закуп какой не состояться способ	какой способ закупа выбрать если акцион не состоялся
5166	закупка не повторный состояться	повторные закупки не состоялись
5166	закупка конкурс повторный способ	повторные закупки способом конкурса
5166	yt закупка состояться	если закупки yt состоялись
5166	допускать конкурс не ни один поставщик потенциальный	к конкурсу не допущен ни один потенциальный поставщик
5166	конкурс несостоявшийся	несостоявшийся конкурс
5166	конкурс не повторный состояться	повторный конкурс не состоялся
5166	конкурс не состояться	конкурс не состоялся
5166	заявка конкурс один	одна заявка на конкурс
5168	закупка конкурс повторный способ	повторные закупки способом конкурса
5168	закупка не повторный состояться	повторные закупки не состоялись
5168	закупка повторный	повторные закупки
5168	закупка повторный проведение срок	срок проведения повторных закупок
5168	закупка запрос источник несостоявшийся один предложение приказ ценовый	приказ из одного источника по несостоявшимся закупкам запрос ценовых предложений
5168	закупка запрос источник не один предложение состояться ценовый	запрос ценовых предложений из одного источника по не состоявшимся закупкам
5168	госзакупки зцп источник не один приказ состоять	приказ о госзакупках из одного источника по не состоявшему зцп
5168	закупка закупка источник не несостоявшийся один состояться	закупка из одного источника по несостоявшимся закупкам не состоялась
5168	2 далее закупка зцп источник конкурс можно не один проводить раз состояться товар	при закупке товаров зцп конкурс не состоялся 2 раза. далее, можно из одного источника провести
5168	конкурс не повторный состояться	повторный конкурс не состоялся
5168	конкурс несостоявшийся	несостоявшийся конкурс
5168	закупка конкурс несостоявшийся	закупки по несостоявшемуся конкурсу
5168	конкурснесотояться открытый	открытый конкурснесотоялся
5168	акцион выбирать закуп какой не состояться способ	какой способ закупа выбрать если акцион не состоялся
5168	закупка конкурс не пко с состояться	не состоялись закупки конкурса с пко
5168	yt закупка состояться	если закупки yt состоялись
5168	два договор не предложение раз создание состояться ценовый	создание договора если два раза по ценовым предложениям не состоялся
5168	допускать конкурс не не поставщик состояться	конкурс не состоялся не допущен поставщик
5168	закупка источник несостоявшийся один с	с одного источника по несостоявшимся закупкам
5168	источник несостоявшийся один	из одного источника по несостоявшимся
5168	договор закупка источник не несостоявшийся один подписывать поставщик	поставщик не подписал договор из одного источника по несостоявшимся закупкам
5168	договор закупка источник несостоявшийся один отказываться поставщик	поставщик отказался от договора из одного источника по несостоявшимся закупкам
5168	договор заключение закупка источник несостоявшийся один способ	заключение договора способом из одного источника по несостоявшимся закупкам
5168	допускать конкурс не не повторный поставщик состояться	повторный конкурс не состоялся не допущен поставщик
5168	допускать конкурс не ни один поставщик потенциальный	к конкурсу не допущен ни один потенциальный поставщик
5168	допускать конкурс не несостоявшийся ни один поставщик потенциальный с связь участие	несостоявшейся в связи с тем, что к участию в конкурсе не допущен ни один потенциальный поставщик
5230	110 минздрав приказ	приказ минздрава 110
5230	375	375
5230	375 пп	ПП 375
5230	375 постановление правительство	Постановлению правительства 375
5429	разгрузка товар	разгрузка товара
5429	разгрузка склад	разгрузка на склад
5429	кто поставлять разгружать товар	кто разгрузит поставленный товар
317	инвалид не состояться	у инвалидов не состоялся
317	закупка инвалид организация проводить раз сколько среди	сколько раз нужно проводить закупки среди организации инвалидов
1289	225	225
1289	инвалид перечень среди	перечень среди инвалидов
1289	инвалид раз сколько среди	среди инвалидов сколько раз
1289	инвалид не состояться среди	среди инвалидов не состоялись
1289	инвалид общество товар	товары у общества инвалидов
1289	инвалид перечень товар	перечень товаров у инвалидов
1289	закупка инвалид когда производить	когда производим закупки через инвалидов
1289	закупать инвалид перечень товар	перечень товаров закупаемых через инвалидов
1289	закуп инвалид перечень товар	перечень товара закуп у инвалидов
1289	закупать инвалид тереть	тру закупаемые у инвалидов
1289	1181 пп	ПП 1181
1289	закуп инвалид общество среди товар	закуп товаров среди общества инвалидов
1289	возможно закуп закуп закупать инвалид когда общий организация основание среди	закуп закуп среди организаций инвалидов когда возможно закупать на общих основаниях
1289	закупка инвалид первый среди	первая закупка среди инвалидов
1289	закупка инвалид организация среди	закупка среди организаций инвалидов
1289	закупка инвалид среди	закупка среди инвалидов
1289	закупка инвалид общественный объединение	закупка у общественных объединений инвалидов
1289	закупка инвалид организация признак убирать	как убрать признак закупки у организаций инвалидов
1289	закупка зцп инвалид несостоявшийся общий организация основание приказ проведение среди	приказ о проведении зцп на общих основаниях при несостоявшихся закупках среди организаций инвалидов
1289	закупка инвалид не состояться среди	закупка среди инвалидов не состоялась
1289	закупка инвалид не общественный объединение состояться	закупка у общественных объединений инвалидов не состоялась
1289	закупать инвалид	что закупаем у инвалидов
1289	закупка инвалид	закупки через инвалидов
1289	закуп инвалид среди	закуп среди инвалидов
5669	второй не рамочный состояться	второе рамочное не состоялось
5669	нет рамочный соглашение	нет рамочного соглашения
2004	10 день план рабочий течение утверждение	утверждение плана в течение 10 рабочих дней
2004	план срок утверждение	срок утверждения плана
970	конкурснесотояться открытый	открытый конкурснесотоялся
970	допускать конкурс не не поставщик состояться	конкурс не состоялся не допущен поставщик
970	договор заключать конкурс не повторный разыгрываться	как заключить договор если повторный конкурс не разыгрался
970	конкурс несостоявшийся	несостоявшийся конкурс
970	допускать конкурс не несостоявшийся ни один поставщик потенциальный с связь участие	несостоявшейся в связи с тем, что к участию в конкурсе не допущен ни один потенциальный поставщик
970	допускать конкурс не не повторный поставщик состояться	повторный конкурс не состоялся не допущен поставщик
970	допускать конкурс не ни один поставщик потенциальный	к конкурсу не допущен ни один потенциальный поставщик
970	конкурс не состояться	если конкурс не состоялся
970	источник несостоявшийся один	из одного источника по несостоявшимся
970	договор закупка источник несостоявшийся один отказываться поставщик	поставщик отказался от договора из одного источника по несостоявшимся закупкам
970	закупка закупка источник не несостоявшийся один состояться	закупка из одного источника по несостоявшимся закупкам не состоялась
970	зцп источник несостоявшийся один после	из одного источника после зцп по несостоявшимся
970	государственный государственный закупка закупка источник несостоявшийся один осуществление способ	осуществление государственных закупок способом из одного источника по несостоявшимся государственным закупкам
970	договор закупка источник не несостоявшийся один подписывать поставщик	поставщик не подписал договор из одного источника по несостоявшимся закупкам
970	договор заключение закупка источник несостоявшийся один способ	заключение договора способом из одного источника по несостоявшимся закупкам
970	закупка несостоявшийся	закупка несостоявшаяся
970	договор закупка несостоявшийся создание	создание договора по несостоявшимся закупкам
970	акцион выбирать закуп какой не состояться способ	какой способ закупа выбрать если акцион не состоялся
970	закупка не состояться	если закупка не состоялась
970	закупка конкурс не пко с состояться	не состоялись закупки конкурса с пко
970	делать закупка не пункт с состояться	что делать с пунктами закупка не состоялась
970	yt закупка состояться	если закупки yt состоялись
970	закупка повторный проведение срок	срок проведения повторных закупок
970	закупка повторный	повторные закупки
970	два договор не предложение раз создание состояться ценовый	создание договора если два раза по ценовым предложениям не состоялся
970	2 далее закупка зцп источник конкурс можно не один проводить раз состояться товар	при закупке товаров зцп конкурс не состоялся 2 раза. далее, можно из одного источника провести
970	закупка запрос источник не один предложение состояться ценовый	запрос ценовых предложений из одного источника по не состоявшимся закупкам
970	закупка запрос источник несостоявшийся один предложение приказ ценовый	приказ из одного источника по несостоявшимся закупкам запрос ценовых предложений
5583	зцп поставщик участвовать	поставщику участвовать в зцп
5583	зцп подавать	подать зцп
5583	заявка зцп подавать поставщик	поставщику подать заявку по ЗЦП
5583	заявка зцп подавать	подать заявку по зцп
2055	госзакпщик должностной инструкция	должностные инструкции госзакпщика
2055	заказчик инструкция	инструкция заказчика
2055	госзакупки должностной инструкция менеджер	должностная инструкция менеджера по госзакупкам
2055	квалификационный справочник	квалификационный справочник
2016	2023 изменение	изменение 2023
2016	2023 год	2023 год
2016	2023 изменение какой	какие изменения 2023
2016	10 2023 вступать год изменение с сила январь	с 10 января 2023 года вступают в силу изменения
2016	2023 год законодательство	законодательство в 2023 году
2016	2023 год какой нововведение ожидаться	какие нововведения ожидаются в 2023 году
2016	2023 год изменяться	что изменится 2023 году
2016	1 2023 год госзакупки зцп изменение с январь	изменения в госзакупках с 1 января 2023 года зцп
2016	11 2023 госзакупки изменение февраль	изменения в госзакупках 11 февраля 2023
2016	2023 год государственный закупка	государственные закупки 2023 год
2016	2023 год гос дополнение закупка и изменение правило	изменения и дополнения в правила гос закупок 2023 год
2016	1 2023 год госзакупки зцп изменение правило с январь	изменения в правилах в госзакупках с 1 января 2023 года зцп
47	поставщик реестр	реестры поставщиков
47	итр реестр	реестр ИТР
710	не предоставлять происхождение сертификат товар	не предоставлен сертификат происхождения на товар
710	перевод происхождение сертификат	перевод сертификата происхождения
710	происхождение сертификат товар	сертификат о происхождении товаров
2346	ключ электронный	электронный ключ
2346	подпись цифровой электронный	электронная цифровая подпись
365	конкурс повторный проведение срок	срок проведения повторного конкурса
365	какой конкуас повторный срок	какой срок повторного конкуас
365	конкурс открытый повторный срок	повторный открытый конкурс сроки
618	1 изменение июнь с	изменения с 1 июня
618	1 2022 вид госзакупки июль конкурс с	виды конкурсов госзакупок с 1 июля 2022
618	1 2022 гз изменение июль с	с 1 июля 2022 изменения по гз
618	1 2022 госзакупки изменение июль с	изменения госзакупок с 1 июля 2022
618	1 изменение июль с	изменения с 1 июля
618	изменение источник один с	изменения с одного источника
618	госзакупки изменение осуществление правило	изменения в правилах осуществления госзакупок
618	2022 г государственный закупка изменение осуществление правило	изменения в правилах осуществления государственных закупок на 2022 г
618	государственный закупка изменение осуществление правило	изменения в правилах осуществления государственных закупок
618	госзакупки изменение последний	последние изменения в госзакупках
618	2022 год государственный закупка изменение	изменения в государственных закупках в 2022 году
618	гос закуп изменение новый	новые изменения в гос. закупе
618	2022 год государственный закон закупка изменение рк сравнительный таблица	сравнительная таблица по изменениям в 2022 году закона рк о государственных закупках
618	2022 г гос закупка изменение	изменения в гос. закупке на 2022 г.
576	автомобиль купить	как купить автомобиль
576	автомобиль покупка	покупка автомобиля
576	автотранспорт закуп	закуп автотранспорт
576	автомашина какой купить способ	каким способом купить автомашину
576	автомобиль	автомобилей
576	легковой_автомобиль	легковой_автомобиль
576	транспортный_средство	транспортный_средство
576	автомобильный_транспорт	автомобильный_транспорт
576	автотранспортный_средство	автотранспортный_средство
576	авто единый закуп организатор проводить	как провести закуп авто единым организаторам
576	авто закупать	как закупить авто
576	автомашина сособ	сособом автомашину
576	авто его закупать	как закупить авто у его
576	авто закуп проводить	как провести закуп авто
1621	закупка несостоявшийся пко после способ	способ закупки после несостоявшегося пко
1621	не пко состояться	пко не состоялся
1621	конкурс не пко с состояться	конкурс с пко не состоялся
1621	grj не состояться	grj не состоялся
1622	677	677
1622	ежедневный	ежедневной
1622	еженедельный	еженедельной
1622	потребность	потребности
1622	2 месяц продление	продление на 2 месяца
1622	договор продлять	продлить договор
1622	продлять	продлить
1622	продление	продление
1622	год продлять	продлить на следующий год
1622	пролонгация	пролонгация
1622	договор допсоглашение подведение продление	допсоглашение на продление договора до подведения
1622	итог подведение	до подведения итогов
1622	договор заключение или итог конкурс подведение продление	продление или заключение договора до подведения итогов конкурса
1622	допсоглашение итог подведение	допсоглашение до подведения итогов
1628	лот объединять	объединенный лот
1628	лот можно объединять	можно объединить лоты
1628	закупка лот объединять товар	закупка товаров объединенным лотом
1628	лотов объединение	объединение лотов
1634	договор исполнять когда считаться	когда договор считается исполненным
1634	договор исполнять когда	когда нужно договор исполнить
1634	договор заказчик исполнение	исполнение договора заказчик
1999	внесение изменение план	внесение изменений в план
1999	годовой изменение план	изменение годовой план
1999	внесение годовой изменение план	внесение изменения годового плана
1999	изменение план	изменения в план
5677	аукцион закупать	что закупить аукционом
5677	аукцион	аукционом
251	годовой план	годовой план
251	годовой изменять можно план сколько	годовой план сколько можно изменить
251	гз изменение план	изменение план гз
251	вносить госзакупки изменение можно план раз сколько	сколько раз можно вносить изменения в план госзакупок
392	опыт работа требование	требование по опыту работы
392	квалификационный требование	квалификационные требования
392	наличие недвижимость требование	требование о наличии недвижимости
392	наличие обслуживание станция технический требование	требование о наличии станции технического обслуживания
392	автотранспорт закупка обслуживание технический требование услуга	требование при закупке услуги по техническому обслуживанию автотранспорта
394	индустриальный стр товар	индустриальный стр товара
394	изъятие перечень подлежать режим товар	перечень товаров подлежащих изъятию из на режима
394	изъятие национальный перечень режим рк	перечень изъятия из национального режима рк
394	нацрежим	нацрежим
394	изъятие национальный режим	изъятию из национального режима
394	изъятие национальный режим установление	об установлении изъятия из национального режима
394	закуп изымать национальный проводиться режим рк товар	как проводится закуп товары изъяты из национального режима в рк
394	закуп изымать какой национальный применяться режим рк способ товар	какой способ применяется для закупа на товары изъяты из национального режима в рк
395	коммерческий предложение	коммерческое предложение
395	закупка запрос коммерческий ои предложение три	по запросу трех коммерческого предложения при закупке из ои
633	3 вносить договор исполнение не поставщик срок	если поставщик в срок не внес 3% исполнение договора
633	19 43 п пп4 ст	ст.43 п.19 пп4
633	19 4 43 п пп ст	пп 4 п. 19 ст. 43
633	19 4 43 п п п статья	статья 43 п. 19 п.п. 4
634	договор электронный	электронный договор
634	бумажный госзакупки договор портал	бумажный договор на портале госзакупок
634	государственный договор закупка типовой	типовой договор о государственных закупках
635	закуп магазин электронный	закуп электронный магазин
635	магазин перечень товар электронный	перечень товаров через электронный магазин
635	договор заключать магазин электронный	как заключить договор через электронный магазин
635	закупать магазин перечень товар электронный	перечень товаров закупаемых через электронный магазин
635	закупать магазин электронный	как закупить через электронный магазин
635	закупка магазин электронный	закупки через электронный магазин
635	закупка ли магазин приказ электронный	нужен ли приказ на закупки через электронный магазин
635	заказчик какой магазин мочь пользоваться электронный	какие заказчики могут пользоваться электронным магазином
635	магазин принимать с товар электронный	как принимать товар с электронного магазина
635	закупка магазин способ электронный	электронный магазин способ закупки
635	закупка магазин участвовать электронный	как участвовать в закупках через электронный магазин
635	какой магазин покупаться товар электронный	какой товар покупается через электронный магазин
635	вправе заказчик закупать имн ли магазин электронный	вправе ли заказчик закупить имн через электронный магазин
635	марка омаркет	марка на омаркет
635	видео омаркет	омаркет видео
635	исполнение не омаркет	омаркет не исполнение
635	каталог работать электронный	как работать через электронный каталог
635	магазин работать электронный	как работает электронный магазин
635	кгу магазин электронный	электронный магазин для кгу
635	магазин отдел пользоваться электронный	могут ли отделы пользоваться электронным магазином
635	закупка омаркет	закупки омаркет
635	омаркет сколька	омаркет до скольки
635	заказчик омаркет работа	работа заказчика на омаркет
635	мрп омаркет сколька	омаркет до скольки мрп
635	market	Market
635	omarket	OMarket
972	заказчик зцп наименование товар указывать	заказчик указывает наименование товара по зцп
972	гос закуп зцп марка можно товар указывать	можно указать товар марки зцп гос. закуп
972	8000 мрп	до 8000 мрп
972	бренд быть наименование написать	что будет если написать наименование бренда
972	заказчик запрос иметь ли наименование право товар указывать ценовый	имеет ли право заказчик указывать наименование товара по запросу ценовых
972	а знак знак и место модель наименование наименование наименование образец обслуживание отдельный патент полезный поставщик принадлежность производитель происхождение промышленный работа также товар товар товарный услуга фирменный характеристика	товарные знаки, знаки обслуживания, фирменные наименования, патенты, полезные модели, промышленные образцы, наименование места происхождения товара и наименование производителя, а также характеристики принадлежности товара, работы, услуги отдельному поставщику
972	восьмитысяча	до восьмитысяч
972	знак знак место модель наименование наименование образец обслуживание патент полезный промышленный товарный фирменный	товарные знаки, знаки обслуживания, фирменные наименования, патенты, полезные модели, промышленные образцы, наименование места
972	8000 закуп запрос мочь мрп не превышать предложение ценовый	закуп запрос ценовых предложений не может превышать 8000 мрп
972	восьмитысячекратный выражение месячный не показатель превышать размер расчетный стоимостный	в стоимостном выражении не превышают восьмитысячекратный размер месячного расчетного показателя
972	восьмитысячекратный месячный не показатель превышать размер расчетный	не превышают восьмитысячекратный размер месячного расчетного показателя
992	вносить когда не обеспечение поставщик	когда поставщик не вносит обеспечение
992	3 вносить договор договор какой обеспечение	к каким договорам нужно вносить обеспечение по договору 3 %
992	договор исполнение когда не обеспечение требоваться	когда не требуется обеспечение исполнения договора
1002	договор когда план предварительный	когда отправить договор по предварительному плану
1002	договор заключать план предварительный	как заключать договор по предварительному плану
1002	договор план подписывать предварительный	можно ли подписывать договора по предварительному плану
1002	договор план предварительный	договор по предварительному плану
925	закупка конкурс отказываться проведение способ	как отказаться от проведения закупки способом конкурса
925	государственный закупка осуществление отказ	отказ от осуществления государственных закупок
925	госзакупки заказчик когда мочь отказываться	когда заказчик может отказаться от госзакупки
925	закупка отказываться	отказаться от закупки
925	заказчик закупка отказ	отказ заказчика от закупки
925	закупка отказ приказ	приказ на отказ от закупки
925	договор отказ случай	случаи отказа от договора
925	закупка отказ отр	отказ отр. закупки
925	заказчик закупка отказываться	как заказчику отказаться от закупки
925	договор закупка отказ	отказ от закупки в договоре
925	закупка какой отказ последствие	какие последствия при отказе от закупки
926	договор закупка несостоявшийся ои	договор из ои по несостоявшимся закупкам
926	договор заключать источник не один состояться ценовый	как заключить договор из одного источника по не состоявшимся ценовым
926	закупка источник несостоявшийся один поставщик предложение принимать с	с одного источника по несостоявшийся закупки как как принять предложение поставщика
926	договор закупка не создавать состояться	как создать договор если закупка не состоялось
929	источник один отказ поставщик	отказ поставщика из одного источника
929	закупка источник один отказываться поставщик	поставщик отказался от закупки из одного источника
929	договор источник не один подписывать поставщик	поставщик не подписал договор из одного источника
1840	веб доступ портал	доступ к веб-порталу
1840	веб портал тариф	тариф за веб-портал
2021	легкий промышленность	легкой промышленности
2021	индустриальный ктра перечень сертификат	перечень ктру индустриальный сертификат
2021	госзакупки индустриальный сертификат участие	участие в госзакупках по индустриальному сертификату
2021	индустриальный одежда пошив работа сертификат	работы по пошиву одежды индустриальный сертификат
2573	договор ждать заказчик когда	когда ждать договор от заказчика
2573	договор заказчик когда прийти	когда придет договор от заказчика
2573	договор получение срок	срок получения договора
5229	1200	1200
5229	1200 правило	правила 1200
5229	особый порядок	особый порядок
5229	государственный закупка особый осуществление порядок правило применение с	Правила осуществления государственных закупок с применением особого порядка
5457	выговор	выговор
5457	выговор строгий	строгий выговор
5457	дисциплинарка	дисциплинарка
5457	дисциплинарный ответственность	дисциплинарная ответственность
5457	увольнение	увольнение
6092	задолженность штраф	задолженность по штрафам
6092	задолженность поставщик	задолженность у поставщика
6092	взнос обязательный пенсионный профессиональный	обязательным профессиональным пенсионным взносам
6092	мрп размер шестикратный	шестикратный размер МРП
6105	2024 мрп	МРП на 2024
6105	2024 год мрп	мрп на 2024 год
6105	2022 мрп	мрп на 2022
6107	жалоба заказчик	жалоба на заказчика
6107	жалоба подавать	подать жалобу
6107	обжалование	обжалование
327	калькулятор ндс	калькулятор ндс
327	ндс	ндс
327	ндс расчет	расчет ндс
716	конкурс повторный приказ	приказ о повторном конкурсе
716	аукцион повторный приказ	приказ повторный аукцион
717	375 заявка срок	срок заявки по 375
717	375 изменение правило	изменения 375 правила
717	375 правило	375 правила
717	375 новый правило	375 правила новые
718	какой сертификат	какие сертификаты
718	гарантийный сертификат	Гарантийный сертификат
718	сертификат соответствие	Сертификат соответствия
718	завод изготовитель сертификат	Сертификат завода изготовителя
718	качество мед не оборудование поставщик предоставлять сертификат соответствие	поставщик не предоставил сертификат соответствия качества на мед оборудование
726	внутристрановой ценность	внутристрановая ценность
726	внутристрановой отчет	отчет о внутристрановой
726	местный содержание	местное содержание
726	заполнение местный правило содержание справка	справка о местном содержании правила заполнения
726	заполнение местный образец содержание справка	справка о местном содержании образец заполнения
1336	375 постановление	постановление № 375
1336	375 изменение правило	изменения 375 правила
1336	375 правило	375 правила
1336	375 ghfdbkf yf портал	375 ghfdbkf yf портале
1941	заказ проведение соц срок	сроки проведения соц.заказа
1941	государственный заказ правило социальный	правила государственный социальный заказ
1941	государственный заказ социальный	государственный социальный заказ
1941	государственный заказ закупка социальный	закупки по государственному социальному заказу
1941	госзакупки государственный заказ предусматривать социальный	госзакупки, предусмотренные государственным социальным заказом
1941	государственный документация заказ социальный	государственный социальный заказ документация
1941	гос заказ соц	гос. соц. заказ
1941	госсоцзаказ	госсоцзаказ
1941	соцзаказ	соцзаказ
314	конкурс не открытый состояться	если открытый конкурс не состоялся
314	заново конкурс не объявлять повторный состояться	при повторном конкурс не состоялся нужно объявлять заново
314	госзакупки источник конкурс несостоявшийся один приказ	приказ по госзакупкам из одного источника по несостоявшемся конкурсе
314	конкурс повторный приказ	приказ повторный конкурс
314	конкурс повторный приказ проведение	приказ о повторном проведении конкурса
314	бланк конкурс приказ	бланк приказы на конкурс
314	конкурс приказ	приказы на конкурс
314	конкурс образец открытый приказ	образец приказа на открытый конкурс
314	03 14 2022 275 минфин приказ рк	приказ минфин рк от 14.03.2022 №275
314	03 14 2022 275 министерство приказ рк финансы	приказ министерства финансов рк №275 от 14.03.2022
314	комиссия приказ	приказ комиссия
314	комиссия конкурсный приказ создание	приказ о создании конкурсной комиссии
314	комиссия конкурсный приказ состав утверждение шаблон	шаблон приказа об утверждении состава конкурсной комиссии
314	документация конкурсный приказ утверждение	приказ об утверждении конкурсной документации
314	аукцион приказ проведение	приказ на проведение аукциона
1286	1 10 прил	прил 10-1
1286	протокол рбс	протокол РБС
1286	бальный конкурс протокол рейтинговый с система	протокол конкурса с рейтингово бальной системой
1892	автошина марк модель	марку модель автошины
1892	наименование	наименование
1892	наименование производитель указание	указание наименование производителя
1892	знак или наименование товарный фирменный	товарный знак или фирменное наименование
4443	акт выполнять документ иса операция оформлять первичный подтверждать работа совершение факт эавр электронный эсф	Электронный акт выполненных работ (ЭАВР), оформленный ИС ЭСФ, первичный документ, подтверждающим факт совершения операции
4443	иса эсф	ИС ЭСФ
4443	авр электронный	электронный АВР
4881	выписка неплательщик счет фактура электронный	выписка электронной счет фактуры неплательщиком
4881	ндс неплательщик эсф	неплательщики ндс ЭСФ
4882	иса эсф	ИС ЭСФ
4882	выписка эсф	выписка ЭСФ
5298	конкурс организация открытый проверка устойчивость финансовый	проверка финансовой устойчивости при организации открытого конкурса
5298	конкурс устойчивость финансовый	финансовая устойчивость в конкурсе
5298	устойчивость финансовый	финансовая устойчивость
5298	изменение устойчивость финансовый	изменения по финансовой устойчивости
5299	9 статья	статья 9
5299	1 9 п ст	п.1.ст.9
5299	9 государственный закупка статья	статья 9 о государственных закупках
5299	квалификационный относиться поставщик требование	что относится к квалификационное требования к поставщику
5299	какой квалификационный требование	какие квалификационные требования
5299	квалтребование	квалтребования
5299	квалификационный не работа связывать со строительство требование	квалификационные требования работы не связанные со строительством
5299	закупка предложение способ требование ценовый	требования в закупках способом ценовых предложений
5300	ресурс	ресурсы
5300	материальный	материальные
5301	подтверждать трудовой	подтвердить трудовые
5301	подтверждать стаж	как подтвердить стаж
5301	подтверждение ресурс трудовой	подтверждение трудовых ресурсов
5301	трудовой	трудовые
5302	ресурс товар трудовой	трудовые ресурсы по товарам
5302	квалификационный товар требование	квалификационные требования по товарам
5304	гражданский дееспособность	гражданская дееспособность
5304	подтверждать правоспособность	подтвердить правоспособность
5308	акт электронный	электронный акт
5308	акт	акт
5308	акт поставка	акт поставки
5309	акт срок электронный	срок электронного акта
5309	акт кто подписывать электронный	кто подписывает акт электронный
5309	акт подписание электронный	подписание электронного акта
5309	акт подписание	подписание актов
5309	акт заказчик подписание срок	сроки подписания акта заказчиком
5309	акт договор подписание строительство	подписание акта в договоре по строительству
5309	акт подписание срок	подписание актов сроки
5309	акт закрытие означать	закрытие акта что означает
5309	акт подписание статья	подписания акта статья
5309	акт утверждение	утверждение актов
5309	акт не портал утверждать	если не утвердить акт на портале
5309	акт гз портал	акт на портале гз
5309	акт время какой подписываться течение	в течении какого времени подписывается акт
5309	акт время какой подписывать течение	акт подписать в течении какого времени
5309	акт время какой подписываться портал течение	в течении какого времени подписывается акт на портале
5309	акт подписание портал срок	сроки подписания акта на портале
5310	договор исполнять не	договор не исполнил
5310	договор исполнять ненадлежащий поставщик	поставщик ненадлежаще исполнил договор
5310	договор исполнять не поставщик	поставщик не исполняет договор
5310	исполнять не поставщик	поставщик не исполнил
5310	договор исполнять исполнять не обязательство поставщик	как исполнить договор если поставщик не исполнил обязательства
5310	выполнять договор мочь не обязательство поставщик свой	поставщик не может выполнить свои обязательства по договору.
5310	выполнять мочь не обязательство свой	не может выполнить свои обязательства
5310	отказ поставщик	отказ поставщика
5310	отказ поставка расторжение	расторжение по отказу в поставке
5310	оказание отказ поставщик услуга	отказа поставщика от оказания услуг
5311	отказный письмо поставщица	отказное письмо поставщица
5311	отказ письменный поставщик	письменный отказ поставщика
5312	акт не соответствие составление	составление акта не соответствие
5312	акт несоответствие товар	акт несоответствия товара
5312	акт качество ненадлежащий поставка товар	акт о поставке товара ненадлежащего качества
5312	несоответствующий товар	несоответствующий товар
5548	взыскивать неустойка	как взыскать неустойку
5548	допсоглашение неустойка	допсоглашение на неустойку
5560	демпинг запрос предложение ценовый	демпинг в запросе ценовых предложений
5560	демпинг зцп	демпинг в зцп
5560	демпинг омаркет	демпинг в омаркет
5504	договор исполнять портал	исполнить договор на портале
5504	договор исполнение	исполнение договора
5525	антидемпинг внесение срок сумма	срок внесения суммы антидемпинга
5525	антидемпинг вносить сумма	как внести сумму антидемпинга
5525	антидемпинг вносить	как внести антидемпинг
5526	антидемпинг вносить сумма	как внести сумму антидемпинга
5526	антидемпинговый сумма	антидемпинговую сумму
5526	демпинг	демпинг
785	конкурс открытый товар	товар открытым конкурсом
785	алгоритм конкурс открытый повторный	алгоритм повторного открытого конкурса
785	действие заявка конкурс срок	срок действие заявки в конкурсе
785	конкурс открытый	открытый конкурс
785	конкурс опубликовывать открытый	как опубликовать открытый конкурс
785	конкурс открытый порядок проведение	открытый конкурс порядок проведения
785	конкурс	конкурс
785	конкурс срок	сроки в конкурсе
785	конкурс обязательно проведение	обязательно проведение конкурса
1166	банковский гарантия	банковская гарантия
1166	банковский гарантия электронный	электронные банковские гарантии
1166	банковский гарантия заявка обеспечение	обеспечение заявки банковской гарантией
1166	банковский услуга	банковские услуги
1167	аванс перечисление	перечисление аванса
1167	авансовый платеж	авансовый платеж
1167	аванс	аванс
1170	добавлять недобросовестный поставщик реестр	как добавить поставщика в реестр недобросовестных
1170	договор заключение поставщик реестр	если поставщик в реестре до заключения договора
1170	поставщик реестр	если поставщик в реестре
1170	включать поставщик реестр	как включить поставщика в реестр
1170	включать недобросовестный поставщик поставщик реестр	как включить поставщика в реестр недобросовестных поставщиков
1170	включение недобросовестный поставщик реестр	включение поставщика в реестр недобросовестных по
1170	вноситься второй не победитель реестр	второй победитель не вносится в реестр
1170	2 включение год заказчик заявка не ну орган подавать поставщик реестр уполномоченный	если заказчик за 2 года не подал заявку в уполномоченный орган о включении поставщика в реестр ну
1170	госзакупки насколько недобросовестный попадать поставщик реестр участник	насколько поставщик попадает в реестр недобросовестных участников госзакупок
1170	договор недобросовестный подписание попадать поставщик реестр участник	при подписании договора поставщик попал в реестр недобросовестных участников
1170	внесение заказчик заявка недобросовестный подавать реестр участник	заказчик подает заявку на внесение в реестр недобросовестных участников
1170	другой закупка мочь не недобросовестный поставщик участвовать	недобросовестный поставщик не может участвовать в других закупках
1170	недобросовестный реестр участник	реестр недобросовестных участников
1170	госзакупки какой недобросовестный попадать поставщик реестр срок участник	на какой срок поставщик попадает в реестр недобросовестных участников госзакупок
1170	вносить заказчик недобросовестный реестр участник	заказчик вносит в реестр недобросовестных участников
1170	включать поставщик рну	как включить поставщика в РНУ
1170	включение основание поставщик потенциальный рну	основание для включения потенциального поставщика в рну
1170	внесение вносить какой не обеспечение поставщик рну срок течение	в течении какого срок поставщика внесут в рну по не внесению обеспечения
1170	внесение рну	внесение рну
1610	комиссия приказ согласительный	приказ на согласительной комиссии
1610	комиссия приказ согласительный создание	приказ о создании согласительной комиссии
1610	документация конкурсный утверждение	об утверждении конкурсной документаций
1610	государственный заключение закупка источник один приказ проведение прямой путем способ	приказ о проведении государственных закупок способом из одного источника путем прямого заключения
1610	приказ	приказ
1610	источник один приказ	приказы из одного источника
1610	документация конкурсный приказ утверждение	приказ об утверждении конкурсной документации
1610	документация конкурсный приказ	приказ конкурсная документация
1610	закупка источник министр один ответ	ответ министра по закупкам из одного источника
1610	изменение комиссия	изменение комиссии
1610	изменять комиссия состав	изменить состав комиссии
1610	изменение комиссия конкурс образец открытый приказ секретарь	приказ на изменение секретаря в комиссии в открытом конкурсе образец
1610	изменение комиссия конкурсный приказ	приказ об изменении конкурсной комиссии
1674	приказ рамочный соглашение	приказ рамочное соглашение
1674	второй провожать рамочный соглашение этап	как проводить второй этап рамочного соглашения
1674	приказ рамочный	приказ рамочный
1674	рамочный соглашение	рамочная соглашение
1674	перечень рамочный соглашение	рамочное соглашение перечень
1674	рамочный соглашение этот	рамочное соглашение это
1674	рамочный рамочный соглашение соглашение	рамочное соглашение рамочное соглашение
1674	рамочный рамочный соглашение	рамочный рамочных соглашений
1674	рамочный согл	рамочное согл.
1674	перечень работа рамочный соглашение товар услуга	перечень товаров работ услуг рамочных соглашений
2405	договор заключение прямой	прямого заключения договора
2405	договор заключение прямой путем	путем прямого заключения договора
2405	3 39 пункт статья	пункт 3 статья 39
2405	39 ст	ст. 39
2405	3 36 39 п пп ст	пп. 36 п. 3 ст. 39
2405	3 36 39 п п п ст	п.п 36 п 3 ст 39
2405	3 39 4 п пп статья	статья 39 пп 3 п 4
2405	3 39 46 п пп ст	пп 46 п 3 ст 39
2405	3 39 4 п п п ст	п.п. 4 п. 3 ст. 39
2405	3 39 46 п п п ст	п.п. 46 п. 3 ст 39
2405	ои ппзд	из ОИ ППЗД
2405	3 39 п ст	п 3 ст 39
2405	источник один с	с одного источника
2405	источник один прямой путем	из одного источника путем прямого
2406	3 39 50 договор п пп продлять ст	продлить договор по пп.50) п.3. ст.39
2406	два договор заключать месяц продление	продление договора заключенный на два месяца
2406	двухмесячный договор договор продлять	продлить договор двухмесячный договор
2406	2 договор месяц продлять	продлить договор на 2 месяца
2406	договор заключать итог подведение продлять	продлить договор заключенный до подведения итогов
76	заказчик иск	иск на заказчика
76	заявление исковой поставщик	исковое заявление поставщика
1106	рейтинговый	рейтинговой
1106	бальный конкурс рейтинго	конкурс рейтинго бальной
1106	бальный рейтинговый	рейтинговой-бальный
1106	бальный рейтинго	рейтинго бальный
1106	бальный рейтинг	рейтинг бальная
1106	конкурс контроль логический рбс с форматный	форматно логический контроль по конкурсу с РБС
1106	бальный использование рейтинговый с	с использованием рейтингово бальной
1106	балльный использование конкурс рейтинговый с система способ	способом конкурса с использованием рейтинговой-балльной системы
1106	бальный конкурс перечень система тереть	перечень тру по конкурсу бальной системы
1106	бальный конкурс орган перечень работа рейтинго товар уполномоченный услуга утверждать	конкурс рейтинго бальной по перечню товаров, работ, услуг, утвержденному уполномоченным органом
1106	использование конкурс рейтинговый с	конкурс с использованием рейтинговой
1106	балльный использование конкурс рейтинговый с система	конкурса с использованием рейтинговой-балльной системы
1106	бальный использование конкурс рейтинговый с система	конкурс с использованием рейтинговой-бальной системы
1106	бальный конкурс с система	конкурс с бальной системой
1106	бальный закуп использование рейтинго с система	закуп с использованием рейтинго бальной системы
1106	крбс	крбс
1106	рбс	рбс
1106	какой обоснование способ технико экономический	технико экономическое обоснование по какому способу
1106	какой способ тэо	ТЭО каким способом
1106	бальный система	бальной системы
1106	бальный рейтинговый система	рейтинговой-бальная система
1106	бальный рейтинго система	рейтинго-бальная система
1106	балльный рейтинговый система	рейтинговой-балльной системы
1106	бальный перечень рейтинговый система	перечень рейтинговой бальной системы
1106	бальный конкурс кто проводить рейтинговый система	кто проводит конкурс рейтинговой бальной системы
1108	бальный рейтинговый система	рейтингово бальной системе
1108	бальный использование рейтинговый с	с использованием рейтингово бальной
1108	бальный использование конкурс рейтинговый с система	конкурс с использованием рейтинговой-бальной системы
1108	балльный использование конкурс рейтинговый с система	конкурса с использованием рейтинговой-балльной системы
1353	закупка способ	способ закупки
1353	неконкурентный	неконкурентные
1353	выбирать какой способ	какой способ выбрать
1353	госзакупки способ	способы госзакупок
2169	работа скидка считать условный	как считать условные скидки по работам
2169	скидка условный	условные скидки
2169	скидка товар условный	условные скидки на товар
2170	yf скидка условный услуга	условные скидки yf услуги
2170	скидка условный услуга	условные скидки в услугах
2170	опыт работа	опыт работ
2168	закуп рассчитать скидка технадзор условный услуга	при закупе услугу технадзора как рассчитать условную скидку
2168	заполнение скидка товар условный	заполнение условных скидок по товарам
2168	заполнение конкурс критерий скидка условный	критерии заполнение условных скидок в конкурсе
2168	начислять скидка условный	как начислить условную скидку
2168	начислять скидка товар условный	как начислить условную скидку на товар
2168	когда не скидка считать условный	когда не считать условную скидку
2168	посчитать скидка условный	как правильно посчитать условные скидки
2168	расчет скидка условный	расчет условной скидки
2168	скидка считать условный	как считать условная скидка
2168	рассчитываться скидка условный	как рассчитывается условная скидка
2168	например рассчитать скидка условный	например как рассчитать условный скидки
2168	скидка считаться условный	как считается условные скидки
2168	начислять скидка условный услуга	как начислять условные скидки на услугу
2168	скидка условный услуга	условный скидка услуга
2168	конкурс скидка условный	конкурс условная скидка
2168	yf скидка условный услуга	условные скидки yf услуги
2168	скидка условный	условная скидка
2168	гз конкурс скидка условный	гз конкурс условная скидка
2168	не применять скидка условный	не применять условную скидку
2168	скидка таблица условный	условная скидка таблица
2168	скидка товар условный	условные скидки на товар
2168	опыт подтверждение работа расчет скидка условный	подтверждение опыта работы при расчете условных скидок
2168	работа скидка условный	условные скидки в работе
2168	наличие опыт работа скидка условный	условная скидка за наличие опыта работы
2168	опыт присвоение работа скидка условный	опыт работы при присвоении условной скидки
2168	конкурс открытый работа скидка считать условный	как считать условные скидки по работам открытому конкурсу
2165	скидка таблица условный	таблица условных скидок
2165	условный	условные
2165	расчет скидка условный	расчет условных скидок
2165	применяться скидка условный	для чего применяется условная скидка
2165	конкурс скидка таблица условный	таблица условных скидок конкурсе
2165	заполнение конкурс скидка товар условный	заполнение условных скидок в конкурсе на товары
2165	конкурс скидка условный	условные скидки по конкурсу
2165	заполнение конкурс скидка условный	заполнение условных скидок в конкурсе
2165	заполнение скидка условный	заполнение условных скидок
2364	второй победитель рну	отправить в рну второго победителя
2364	второй место	второе место
5026	акт несоответ	акт несоответ
5026	не соответствовать спецификация технический	не соответствует технической спецификации
5026	не соответствовать техспек	не соответствует техспеке
5687	гпх	гпх,
5687	гпх договор	договор ГПХ
5687	гражданский договор правовой характер	договор гражданского правового характера
5687	гражданско договор правовой	гражданско-правовой договор
5690	3 39 50 гз договор закон источник итог один п подведение пп рк ст	договор до подведения итогов из одного источника по пп. 50) п. 3 ст. 39 Закона РК ГЗ.
5690	3 39 50 источник один п пп ст	из одного источника по пп. 50) п. 3 ст. 39
5690	3 39 50 гз закон источник один п пп рк ст	из одного источника по пп. 50) п. 3 ст. 39 Закона РК ГЗ.
5691	госзакупки писать план	что писать в плане госзакупок
5691	госзакупки план	план госзакупок
5691	годовой план	годовой план
5691	заполнять план пункт	как заполнять пункты плана
5695	вид какой конкурс	какой вид конкурса
5695	вид выбор конкурс	выбор вида конкурса
5697	жилище закупка приобретение	закупка приобретение жилища
5697	жилище закуп	закуп жилища
5699	услуга электроэнергия	электроэнергия услуга
5699	или товар услуга электроэнергия	электроэнергия товар или услуга
5699	закупать электроэнергия	как закупить электроэнергию
6034	иск когда не подавать	когда не подавать иск
6034	иск не подавать	не подавать иск
6037	нотариус	нотариус
6037	адвокат услуга	услуги адвоката
1291	инвалид объединение получать признак	как получить признак объединение инвалидов
1291	заявка инвалид организация подавать	подать заявку организацией инвалидов
1291	госзакупки инвалид общественный объединение участвовать	Как общественному объединению инвалидов участвуют в госзакупках
1292	односторонний порядок расторгать	расторгнут в одностороннем порядке
1292	договор односторонний порядок расторжение	расторжение договора в одностороннем порядке
1292	односторонний расторжение	односторонние расторжение
2145	870 автотранспорт быть надо сдавать ф	надо сдавать ф. 870 если есть только автотранспорта
2145	00 870 автотранспорт быть надо сдавать ф	надо сдавать ф. 870.00 если есть только автотранспорта
4940	акт бумажный выписывать договор	как выписать акт по бумажному договору
4940	акт бумажный	акт бумажный
4940	бумага счет фактура	счет фактура на бумаге
4940	бумажный договор исполнять	исполнить бумажный договор
5977	итог проводить рано	итоги провели раньше
5977	проводить рано	провели раньше
5977	два договор месяц	договор на два месяца
5977	2 договор месяц	договор на 2 месяца
5977	договор итог подведение	договор до подведения итогов
208	подавать	как подать
208	иск подача суд	подача иска в суд
208	иск подавать рну суд	как подать иск в суд рну
208	подача срок суд	срок подачи в суд
208	какой подавать случай суд	в каких случаях подаем в суд
208	заявление подавать суд экономический	как подать заявление в экономический суд
208	день какой не подавать поставщик привозить суд товар	на какой день нужно подать в суд поставщика если не привез товар
208	иск подавать поставщик просрочивать	можно ли подать иск если поставщик просрочил
208	иск ли обязательно подавать поставщик просрочивать	обязательно ли подать иск если поставщик просрочил
208	поставщик просрочивать	если поставщик просрочил
208	когда подавать поставщик суд	когда подают в суд на поставщика
208	заказчик когда обращаться суд	когда заказчик обращается в суд
208	подавать поставщик суд	как подать в суд поставщика
208	иск подача после поставлять поставщик суд товар	после подачи иска в суд поставщик поставил товар
208	иск подавать	как подать иск
208	жительство иск какой место подавать суд	по какому месту жительства нужно подавать иск в суд
200	вид закупать инвалид общественный объединение отдельный перечень рк тру	перечень отдельных видов тру, закупаемых у общественных объединений инвалидов рк
200	вид закупать инвалид общественный объединение отдельный перечень работа товар услуга	перечень отдельных видов товаров, работ, услуг, закупаемых у общественных объединений инвалидов
583	комиссия компания согласительный	согласительная комиссия в компании
583	комиссия комиссия согласительный	согласительная комиссия комиссия
914	договор запрос можно предложение продлять работа срок ценовый	можно продлить срок работы договора запрос ценовых предложении
914	договор запрос можно предложение продлять срок ценовый	можно продлить срок договора запрос ценовых предложении
914	допсоглашение поставка продление срок	допсоглашение на продление срока поставки
914	поставка продлять срок	продлить срок поставки
1640	6 гз государственный закон закупка иметь ограничение поставщик с связывать согласно статья участие	поставщик согласно статье 6 закона о гз имеет ограничения, связанные с участием в государственных закупках
1640	6 гз закон статья	статье 6 закона о гз
1640	6 договор и иметь нарушение ограничение подавать поставщик предусмотренный расторгать статья суд	можно ли расторгнуть договор если поставщик имеет нарушение ограничений предусмотренных статьей 6 и надо ли подавать в суд
1640	6 делать ограничение поставщик статья	что делать если у поставщика ограничения по статье 6
1640	государственный закупка ограничение участие	ограничения в участие в государственных закупка
5780	бумага купить	как купить бумагу
5780	а4 бумага	бумага А4
1598	актуалис купить система	систему актуалис как купить
1598	actualis купить	Actualis как купить
1599	закупка зцп источник несостоявшийся один	зцп из одного источника по несостоявшимся закупкам
1599	закупка источник конкурс несостоявшийся один после	из одного источника по несостоявшимся закупкам после конкурса
1599	1 закупка источник несостоявшийся приказ	приказ закупки из 1 источника по несостоявшемся
1599	запрос источник несостоявшийся один предложение ценовый	один источник по несостоявшимся запрос ценовых предложений
1599	закупка источник несостоявшийся один	закупка из одного источника по несостоявшимся
1599	вскрытие делать источник когда надо несостоявшийся один	из одного источника по несостоявшемся когда вскрытия надо делать ?
1599	источник несостоявшийся один приказ	приказ из одного источника по несостоявшейся
1599	источник несостоявший один приказ	приказ на из одного источника по несостоявше
1599	закуп закупка источник несостоявшийся один	закуп из одного источника по несостоявшимся закупкам
1599	вскрывать источник несостоявшийся один поставщик	как вскрыть поставщика из одного источника по несостоявшимся
1599	закупка источник один повторный	из одного источника на повторную закупку
1599	закупка не не соответствовать состояться цена	закупка не состоялась не соответствует цена
1599	закуп не состояться	закуп не состоялся
1599	закупка несостоявшийся ценовый	несостоявшиеся закупки по ценовому
1599	закупка повторный	повторная закупка
1599	закупка несостоявшийся	несостоявшийся закупка
1599	источник не один состояться	из одного источника по не состоявшимся
1599	конкурс несостоявшийся признаваться проводить раз сколько чтоб	сколько раз нужно провести конкурс чтоб признались несостоявшимися
1599	зцп не состояться	не состоявшиеся зцп
1599	кпко не повторный состояться	если не состоялся повторный кпко
1599	выходить другой не никто поставщик предложение ценовый	если никто не выходит на ценовое предложение другой поставщик
1599	выходить не никто предложение ценовый	если никто не выходит на ценовое предложение
1605	6 гз государственный закон закупка иметь ограничение поставщик с связывать согласно статья участие	поставщик согласно статье 6 закона о гз имеет ограничения, связанные с участием в государственных закупках
1605	6 гз закон статья	статье 6 закона о гз
1605	6 договор иметь ограничение односторонний порядок поставщик расторжение ст	расторжение договора в одностороннем порядке если поставщик имеет ограничения по ст. 6
1605	6 ограничение поставщик статья	у поставщика ограничения по статье 6
1605	государственный закупка ограничение участие	ограничения в участие в государственных закупка
1969	и консорциум устойчивость финансовый	консорциум и финансовая устойчивость
1969	консорциум	консорциумом
1969	договор консорциум	договор консорциума
1969	консорциум подавать хотеть	хотят подать консорциумом
1969	закупка консорциум участие	участие в закупках консорциума
1141	госзакупки изменение план приказ пункт	приказ об изменении пункта плана госзакупок
1141	изменение план приказ	приказ об изменение плана
1365	изъятие нац режим список	список изъятия из нац. режима
1365	изъятие нац перечень	перечень изъятие нац.
1365	изымать нацрежим	изъятые из нацрежима
1365	изъятие перечень	перечень изъятия
1365	изъятие	изъятие
1365	изъятие нацрежим	изъятие из нацрежима
1365	нац режим	нац режим
1365	нацрежим	нацрежим
1365	нац режим тереть	тру в нац режиме
1365	закупка изымать национальный режим товар	по закупкам товаров, изъятых из национального режима
1365	изъятие национальный перечень режим тереть	перечень тру изъятий из национального режима
1365	закуп национальный режим	закуп по национальному режиму
1365	нац реестр режим товар	реестр товаров нац режима
1365	национальный перечень режим	перечень национальный режим
1365	изымать нацрежим товар	товары изъятые из нацрежима
1365	заказчик закупать изымать национальный режим товар	как заказчику закупить товары изъятые из национального режима
1365	изымать нац перечень режим товар	перечень товаров изъятых из нац. режима
1367	изымать нацрежим не состояться	изъятые из нацрежима не состоялась
1367	изымать нацрежим не состояться товар	товары изъятые из нацрежима не состоялась
1367	не отечественный состояться среди	среди отечественных не состоялась
1368	госзакупки план предварительный	предварительный план госзакупок
1368	план предварительный сформировывать	как сформировать предварительный план
1368	предплан	предплан
1369	когда оформляться план предварительный	когда оформляется предварительный план
1369	госзакупки план	план госзакупок
1369	закупка план	план закупок
1373	ои ппзд приказ	Приказ из ОИ ППЗД
1373	4 источник один подпункт приказ	приказ из одного источника по подпункту 4)
1373	обоснование ои пример	пример обоснования из ои
1374	допускаться какой случай субподряд	в каких случаях допускается субподряд
1374	объем работа субподряд	объем работы субподряда
1374	квалификация соответствие субподрядчик	соответствие субподрядчика квалификации
1374	субподрядчик	субподрядчик
1374	объем субподряд	субподряд объем
1374	договор субподряд	договор субподряда
1374	источник один субподрядчик	субподрядчики по одному источнику
1374	привлечение субподряд	привлечение субподряда
1374	госзакупки источник один субподряд	субподряд при госзакупках из одного источника
1374	госзакупки субподряд	субподряд при госзакупках
1374	зцп субподряд	можно ли по зцп субподряд
1374	1 2 субподряд	субподряд 1/2
1374	субподряд	субподряд
1374	зцп субподряяд	Субподряяд по зцп
1374	субподдядчик	субподдядчик
1374	договор ли намерение обязательно привлечение субподряд	обязательно ли договор намерений при привлечение субподряда
1374	договор намерение привлечение субподряд	договор намерений при привлечение субподряда
1957	земельный налог плата ставка	ставки платы земельного налога
1957	земля налог рассчитать	как рассчитать налог на землю
1957	земля налог	налог на землю
1957	земля налог расчет	расчёт налога на землю
1957	земля земля налог населенный начислять пункт	начислить налог на землю для земель населенных пунктов
1957	земельный налог	земельный налог
1957	земельный земля налог населенный начислять пункт	начислить земельный налог для земель населенных пунктов
1957	земельный налог рассчитать	как рассчитать земельный налог
1962	консорциум	консорциумом
1962	консорциум товар	консорциум в товарах
1962	договор консорциум	договор консорциума
1962	консорциальный соглашение	консорциальное соглашение
1962	и консорциум устойчивость финансовый	консорциум и финансовая устойчивость
2383	гсм купить	как купить ГСМ
2383	бензин подорожать	подорожал бензин
2383	бензин подниматься цена	цена бензина поднялась
2383	бензин цена	цена бензина
2383	бензин допик	допик на бензин
2383	бензин делать подорожать	что делать если подорожал бензин
2383	бензин	бензин
2383	бензин договор увеличивать цена	как увеличить в договоре цену бензина
2374	второй делать использование конкурс не рамочный с соглашение состояться этап	что делать если второй этап конкурса с использованием рамочного соглашения не состоялся
2374	второй использование конкурс не рамочный с соглашение состояться этап	второй этап конкурса с использованием рамочного соглашения не состоялся
2374	второй использование конкурс конкурс не рамочный с с соглашение состояться этап	если второй этап конкурса с конкурс с использованием рамочного соглашений не состоялся
2375	ирс конкурс отказываться поставщик с участие	поставщик отказался от участия в конкурсе с ИРС
2375	два не поставщик раз рамочный соглашение участвовать	поставщик два раза не участвовал по рамочному соглашению
2377	договор допы сделать соглашение сумма увеличение	как сделать доп соглашение на увеличение суммы договора
2377	сумма увеличение	увеличение суммы
2377	допка объем увеличение	допка на увеличение объема
2377	договор сумма увеличивать	как увеличить сумму договора
2377	договор можно увеличивать	как можно увеличит договор
2377	большой быть договор допы мочь насколько основной соглашение чем	насколько может быть больше доп соглашение чем основной договор
2377	действующий договор сумма увеличивать	как увеличить сумму действующего договора
2377	допсоглашение увеличение	допсоглашение на увеличение
2377	дополнительный заключать можно соглашение увеличение	как можно заключить дополнительное соглашение на увеличение
2377	допсоглешение экономия	допсоглешение на экономию
2377	дополнительный заключать соглашение увеличение	как заключить дополнительное соглашение на увеличение
2377	дополнительный заключать можно соглашение увеличение экономия	как можно заключить дополнительное соглашение на увеличение на экономию
2378	второй конкурс рамочный этап	второй этап рамочного конкурса
2378	второй рамочный соглашение этап	второй этап рамочных соглашений
2378	второй проведение рамочный соглашение срок этап	сроки проведения второго этапа рамочного соглашения
2378	2 рамочный соглашение этап	2 этап рамочного соглашения
2378	2 делать рамочный соглашение этап	рамочное соглашение 2 этап делать
5169	вскрытие делать источник когда надо несостоявшийся один	из одного источника по несостоявшемся когда вскрытия надо делать ?
5169	вскрывать источник несостоявшийся один поставщик	как вскрыть поставщика из одного источника по несостоявшимся
5169	договор закупка источник несостоявшийся один с	договор с одного источника по несостоявшимся закупкам
5169	закупка источник один повторный	из одного источника на повторную закупку
5169	закупка источник конкурс несостоявшийся один после	из одного источника по несостоявшимся закупкам после конкурса
5169	запрос источник несостоявшийся один предложение ценовый	один источник по несостоявшимся запрос ценовых предложений
5169	закупка источник несостоявшийся один	закупка из одного источника по несостоявшимся
5169	источник несостоявшийся один приказ	приказ из одного источника по несостоявшейся
5169	источник несостоявший один приказ	приказ на из одного источника по несостоявше
5169	закуп закупка источник несостоявшийся один	закуп из одного источника по несостоявшимся закупкам
5169	закупка зцп источник несостоявшийся один	зцп из одного источника по несостоявшимся закупкам
5169	делать закупка не состояться	что делать если закупка не состоялся
5169	закупка не не соответствовать состояться цена	закупка не состоялась не соответствует цена
5169	закупка повторный	повторная закупка
5169	закуп не состояться	закуп не состоялся
5169	закупка несостоявшийся ценовый	несостоявшиеся закупки по ценовому
5169	закупка несостоявшийся повторный	закупка повторная по несостоявшимся
5169	выходить другой не никто поставщик предложение ценовый	если никто не выходит на ценовое предложение другой поставщик
5169	выходить не никто предложение ценовый	если никто не выходит на ценовое предложение
5169	конкурс не повторный состояться	если повторный конкурс не состоялся
5169	конкурс несостоявшийся признаваться проводить раз сколько чтоб	сколько раз нужно провести конкурс чтоб признались несостоявшимися
5169	источник не один состояться	из одного источника по не состоявшимся
5425	комиссия конкурсный определять секретарь	определит секретаря конкурсной комиссии
5425	комиссия конкурсный назначение председатель	назначение председателя конкурсной комиссии
5425	комиссия конкурсный состав	состав конкурсной комиссии
5425	конкурсный орган представитель уполномоченный	представитель уполномоченного органа конкурсной
5425	переутверждение председатель	переутверждение председателя
5425	председатель	председателя
5425	комиссия конкурс	комиссия для конкурса
5425	комиссия конкурс открытый член	открытый конкурс члены комиссии
5425	комиссия кто принимать решение создание	кто принимает решение о создании комиссии
5426	поменять секретарь	поменять секретаря
5426	комиссия конкурсный поменять секретарь	как поменять секретаря конкурсной комиссии
5427	комиссия конкурсный отсутствовать подпись член	отсутствует подпись члена конкурсной комиссии,
5427	комиссия член	член комиссии
5427	комиссия отсутствовать член	отсутствует член комиссии
5372	когда комиссия создавать экспертный	когда создаем экспертную комиссию
5372	эксперт	эксперт
5600	аудит отчетность финансовый	аудит финансовой отчетности
5600	аудит услуга	услуги аудита
5605	второй договор победитель со	договор со вторым победителем
5605	2 договор победитель	2 договор победитель
5605	второй победитель	второго победителя
5605	второй победитель со	со вторым победителем
295	когда конкурс не состояться	конкурс когда не состоится
295	заявка конкурс один	одна заявка на конкурс
295	допускать не ни один	не допущен ни один
297	конкурс не состояться	конкурс не состоялся
297	конкурс несостоявшийся пко признавать с	конкурс с пко признан несостоявшимся
297	конкурс не открытый состояться	если открытый конкурс не состоялся
297	закупка конкурс не состояться способ	закупка способом конкурса не состоялась
297	закупка конкурс несостоявшийся	закупки по несостоявшейся конкурсу
297	конкурс несостоявшийся	несостоявшийся конкурс
297	конкурс несостоявшийся открытый	несостоявшийся открытый конкурс
297	конкурс несостоять	конкурс несостоявшая
297	заказчик закупка направлять не приглашение состояться	как заказчику направить приглашение по не состоявшимся закупкам
297	допускать конкурс один повторный поставщик	повторный конкурс допущен один поставщик
297	второй конкурс не объявлять открытый раз состояться	открытый конкурс не состоялся второй раз объявить
297	дважды закупка не состояться	если закупка не состоялась дважды
297	два конкурс не раз состояться	конкурс два раза не состоялся
297	конкурс повторный	повторный конкурс
297	конкурс открытый повтор	открытый конкурс повтор
297	закупка конкурс повторный создавать	как создать повторную закупку на конкурс
297	конкурс основание повторный	основания о повторном конкурсе
297	конкурс открытый повторный	повторный открытый конкурс
1251	быть дальнейший договор его исполнение мочь нецелесообразность расторгать случай соглашение сторона	договор может быть расторгнут по соглашению сторон, в случае нецелесообразности его дальнейшего исполнения
1251	договор какой основание расторгать	на каком основании расторгнуть договор
1251	договор основание расторжение	основание для расторжения договора
1251	договор причина расторжение	причины расторжения договора
1251	вносить договор не обеспечение расторгать	как расторгнуть договор если не внесли обеспечение
1251	договор расторжение случай	случаи расторжения договора
1251	договор расторжение срок	сроки расторжения договора
1251	договор расторжение	расторжение договора
1251	неправильный расторжение статья	расторжение неправильная статья
1251	государственный договор закупка расторжение	расторжение договора о государственных закупках
1251	6 договор расторжение статья	расторжение договора по статье 6
1251	договор расторжение судебный	расторжение договора в судебном
1251	договор расторгать	если договор расторгнут
1251	15 день договор расторжение	расторжение договора 15 дней
1252	односторонний порядок расторжение	расторжение в одностороннем порядке
1252	договор основание расторжение	основания расторжения договора
1252	6 договор расторжение статья	расторжение договора по статье 6
1252	расторжение срок	срок для расторжения
1779	аффилиировать лицо можно определять	как можно определить аффилиированные лица
1779	аффилиировать комиссия член	члены комиссии аффилиированы
1779	аффилиировать комиссия с себя член	члены комиссии аффилиированы между с собой
1779	аффилиированость	аффилиированость
1779	аффилиировать	аффилиирован
1779	афилиировать	афилиированные
1779	афилированность	афилированность
1779	афф	афф
1838	50 пп	пп. 50
1838	3 39 50 итог конкурс п подведение пп приказ ст	приказ до подведения итогов конкурса по пп.50) п.3, ст. 39
1838	3 39 50 п пп приказ ст	пп.50)п.3,ст.39 приказ
2454	жалоба заказчик	жалоба на заказчика
2454	обжалование	обжалование
2454	жалоба	жалоба
2473	закупка запрос ценовый	закупки запросом ценовых
2473	ценовка	ценовка
2473	запрос предложение ценовый	запросом ценовых предложений
5246	наименование производитель	наименование производителя
5246	знак товарный	товарные знаки,
5246	наименование фирменный	фирменные наименования,
5246	место наименование	наименование места
5246	доукомплектование	доукомплектования
5246	марка торговый	торговую марку
5246	знак обслуживание	знаки обслуживания,
5246	модель полезный	полезные модели,
5246	патент	патенты,
5466	исполнение не уведомление	не исполнение уведомления
5466	аудит исполнение не уведомление	не исполнение уведомление аудит
5466	исполнение камеральный контроль ненадлежащий уведомление	ненадлежащие исполнение уведомления камерального контроля
5466	возражение выявлять камеральный контроль нарушение результат уведомление устранение	возражение на уведомление об устранении нарушений, выявленных по результатам камерального контроля
5442	почтовый связь специальный услуга	Услуги специальной почтовой связи
5442	доставка и и иной отправление перевозка почтовый специальный	перевозка и доставка почтовых, специальных и иных отправлений,
5442	спецсвязь	спецсвязь
5442	спецпочта	спецпочта
5759	1 2023 год госзакупки зцп изменение правило с январь	изменения в правилах в госзакупках с 1 января 2023 года зцп
5759	11 2023 госзакупки изменение февраль	изменения в госзакупках 11 февраля 2023
5759	1 2023 год госзакупки зцп изменение с январь	изменения в госзакупках с 1 января 2023 года зцп
5759	2023 год	2023 год
5759	2023 закупка	закупки 2023
5759	2023 год изменение	изменения на 2023 год
5759	2023 изменение	изменения в 2023
5759	2023 год какой нововведение ожидаться	какие нововведения ожидаются в 2023 году
5759	2023 год гос дополнение закупка и изменение правило	изменения и дополнения в правила гос закупок 2023 год
5759	2023 изменение какой	какие изменения 2023
5759	2023 год изменяться	что изменится 2023 году
5759	2023 год государственный закупка	государственные закупки 2023 год
5171	источник конкурс не один поставщик согласный состояться	поставщик согласен из одного источника по не состоявшемуся конкурсу
5171	договор закупка несостоявшийся ои	договор из ои по несостоявшимся закупкам
5171	закупка источник несостоявшийся один поставщик предложение принимать с	с одного источника по несостоявшийся закупки как как принять предложение поставщика
5171	договор закупка не создавать состояться	как создать договор если закупка не состоялось
5172	запрос не предложение состояться ценовый	запрос ценовых предложений не состоялся
5172	закупка запрос несостоявшийся ценовов	несостоявшиеся закупки по запросу ценововых
5172	закупка закупка источник несостоявшийся один провожать	как проводить закупки из одного источника по несостоявшимся закупкам
5172	закуп запрос несостоявшийся предложение способ ценовый	несостоявшийся закуп способом запроса ценовых предложений
5172	запрос источник несостоявшийся один предложение ценовый	один источник по несостоявшимся запрос ценовых предложений
5172	2 далее закупка зцп источник можно не один проводить раз состояться товар	при закупке товаров зцп не состоялся 2 раза. далее, можно из одного источника провести
5172	закупка закупка источник несостоявшийся нестоявщейся объявление один создание ценовый	создание объявления из одного источника по нестоявщейся закупке несостоявшиеся закупки по ценовому
5172	закупка запрос источник несостоявшийся один предложение ценовый	один источник по несостоявшимся закупкам запрос ценовых предложений
5172	зцп источник не один состояться	из одного источника по не состоявшимся зцп
5172	закупка не не соответствовать состояться цена	закупка не состоялась не соответствует цена
5172	государственный закупка несостоявшийся проведение способ	проведении государственных закупок способом по несостоявшимся
5172	зцп не состояться	ЗЦП не состоялся
5172	закуп не состояться	закуп не состоялся
5172	делать закупка не состояться	что делать если закупка не состоялся
5172	договор зцп несостоявшийся ооо создавать	как создать договор из ооо по несостоявшимся зцп
5173	источник один отказ	отказ от одного источника
5173	заявка не несостоявшийся подавать поставщик	поставщик не подал заявку по несостоявшимся
5173	источник один отказ поставщик	отказ поставщика из одного источника
5176	биржа товарный	товарную биржу
5176	2024 год закупать уголь	как закупить уголь на 2024 год
5176	уголь	уголь
5434	бензин закуп не первый рамочный соглашение состояться этап	если первый этап не состоялся закуп бензина по рамочному соглашению
5434	закупка когда не первый рамочный соглашение состояться этап	когда не состоится закупки по рамочному соглашению первый этап
5736	неконкурентный	неконкурентные
5736	неконкурентный способ	неконкурентные способы
5736	госзакупки конкурентный не	не конкурентные госзакупки
2304	депозитарий подтверждать	депозитарий подтвержден
2304	депозитарий кто формировать	кто формирует депозитарий
2304	депозитарий заполнять кто	кому нужно заполнить депозитарий
2304	депозитарий электронный	электронный депозитарий
232	лот	лоты
232	какой лот можно объединять	какие лоты можно объединять
232	лот объединять создание	создание объединенного лота
375	вносить договор который обеспечение	договора по которым нужно внести обеспечение
375	обеспечение процент три	обеспечение три процента
375	аванс обеспечение	обеспечение аванса
375	договор исполнение обеспечение	обеспечение исполнение договора
375	внесение обеспечение	внесение обеспечения
375	исполнение обеспечение	обеспечение исполнения
375	договор договор исполнение качество обеспечение страхование	Договор страхования в качестве обеспечения исполнения договора
375	госзакупки договор исполнение обеспечение	об обеспечении исполнения договора о госзакупках
375	бумажный договор договор исполнение качество обеспечение страхование	бумажный договор страхования в качестве обеспечения исполнения договора
376	обоснование один	обоснование из одного
376	закупка обоснование применение способ шаблон	шаблон обоснование применения способа закупки
376	закуп обоснование применение	обоснование применения закупа
376	закупка иои обоснование применение способ	обоснование применения способа закупки иои
376	обоснование применение способ	обоснование применения способа
376	3 3 39 закупка необходимо обоснование обязательный п пп прикреплять применение способ ст файл	пп.3 п.3 ст.39 необходимо прикрепить обязательный файл: обоснование применения способа закупки
376	государственный закупка источник один осуществление работа способ товар услуга	об осуществлении государственных закупок (товаров, работ, услуг) способом из одного источника
376	документ закупка источник обоснование один шаблон	шаблон документа для обоснования закупок из одного источника
376	закупка необходимо обоснование обязательный прикреплять применение способ файл	необходимо прикрепить обязательный файл: обоснование применения способа закупки
376	закупка источник обоснование один применение способ	обоснование применения способа закупки из одного источника
376	госзакупка договор заключение источник какой обоснование один план прикреплять прямой пункт путем	какое обоснование прикрепить к пункту плана при госзакупке из одного источника путем прямого заключения договора
378	10 вносить делать день не обеспечение поставщик рабочий течение ти	что делать если поставщик не внес обеспечение в течение 10 ти рабочих дней?
378	26 вносить два день договор заказчик закон и или исполнение наличие не обеспечение определенный победитель поставщик потенциальный рабочий со соответствие статья сумма течение	если потенциальный поставщик, определенный победителем, не внес обеспечение исполнения договора и (или) сумму в соответствии со статьей 26 закона (при наличии), заказчик в течение двух рабочих дней
378	вносить договор не обеспечение поставщик	если поставщик не внес обеспечение договора
378	вносить источник не обеспечение один поставщик с	если поставщик не вносит обеспечении с одного источника
378	вносить договор не обеспечение	не внес обеспечение договора
378	внесение не обеспечение	не внесение обеспечения
378	вносить не обеспечение поставщик	если поставщик не вносит обеспечении
378	вносить договор исполнение не обеспечение победитель	победитель не внес обеспечение исполнения договора
378	вносить договор исполнение не обеспечение поставщик	если поставщик не внес обеспечение исполнения договора
378	вносить вовремя договор не обеспечение поставщик	поставщик не внес вовремя обеспечение договора
382	вносить договор исполнение обеспечение	как внести обеспечение исполнения договора
382	вид исполнение обеспечение	виды обеспечения исполнения
382	вносить договор обеспечение поставщик сумма	как поставщику внести сумму обеспечения договора
626	1 2 6 гз закон п пп ст	пп,2 п 1 ст 6 закона о гз
626	1 3 6 гз закон п пп ст	пп 3 п 1 ст 6 закона о гз
626	3 6 гз закон п ст	п 3 ст. 6 закона о гз
626	6 гз государственный закон закупка иметь ограничение с связывать согласно статья участие	согласно статье 6 закона о гз имеет ограничения, связанные с участием в государственных закупках
626	2 6 гз закон п ст	п 2 ст. 6 закона о гз
626	6 гз закон согласно статья	согласно статье 6 закона о гз
626	6 гз закон ст	ст. 6 закона о гз
626	государственный закупка пучастие	пучастием в государственных закупка
626	договор заключение иметь ограничение после поставщик	поставщик имеет ограничения после заключении договора
626	госзакупки ограничение участие	ограничения для участия в госзакупках
626	договор заключение иметь ограничение поставщик	поставщик имеет ограничения при заключении договора
626	госзакупки нельзя участвовать	нельзя участвовать в госзакупках
626	иметь ограничение поставщик	поставщик имеет ограничения
626	6 ограничение статья	ограничение статья 6
626	6 ограничение ст	ограничения по ст.6
963	источник конкурс несостоявшийся один	один источник по несостоявшемуся конкурсу
963	вскрывать источник несостоявшийся один поставщик	как вскрыть поставщика из одного источника по несостоявшимся
963	закупка закупка источник несостоявшийся один провожать	как проводить закупки из одного источника по несостоявшимся закупкам
963	закупка источник конкурс несостоявшийся один после	из одного источника по несостоявшимся закупкам после конкурса
963	1 закупка источник несостоявшийся приказ	приказ закупки из 1 источника по несостоявшемся
963	закупка источник конкурс нестоявщейся объявление один создание способ	создание объявления из одного источника по нестоявщейся закупке способом конкурса
963	источник не один состояться	из одного источника по не состоявшимся
963	делать закупка не состояться	что делать если закупка не состоялся
963	закупка несостоявшийся ценовый	несостоявшиеся закупки по ценовому
963	закупка конкурс несостоявшийся	закупки по несостоявшемуся конкурсу
963	закуп не состояться	закуп не состоялся
963	закупка не не соответствовать состояться цена	закупка не состоялась не соответствует цена
963	допускать конкурс не не повторный поставщик состояться	повторный конкурс не состоялся не допущен поставщик
963	заявка конкурс один повторный	если в повторном конкурсе одна заявка
963	конкурс несостоять	конкурс несостоявшая
963	заявка конкурс один	одна заявка конкурс
964	заявка конкурс один	одна заявка на конкурс
964	закупка запрос источник несостоявшийся один предложение приказ ценовый	приказ из одного источника по несостоявшимся закупкам запрос ценовых предложений
964	закупка источник конкурс несостоявшийся один приказ	приказ о закупке из одного источника по несостоявшемуся конкурсу
964	делать закупка не пункт с состояться	что делать с пунктами закупка не состоялась
964	закупка источник не один состояться	один источник по не состоявшимся закупкам
964	закупка закупка источник несостоявшийся один приказ проведение способ	приказ на проведение закупки способом из одного источника по несостоявшимся закупкам
964	закупка закупка источник не несостоявшийся один состояться	закупка из одного источника по несостоявшимся закупкам не состоялась
964	bp gj gj закупка источник конкурс несостоявшийся один приказ	приказ bp одного источника gj несостоявшимся закупкам gj конкурсу
964	акцион выбирать закуп какой не состояться способ	какой способ закупа выбрать если акцион не состоялся
964	закупка запрос источник несостоявшийся один после предложение ценовый	из одного источника по несостоявшимся закупкам после запроса ценовых предложений
964	закупка зцп несостоявшийся один	зцп из одного по несостоявшимся закупкам
964	закупка источник конкурс несостоявшийся один открытый после	из одного источника по несостоявшимся закупкам после открытого конкурса
964	заявка конкурс не один состояться	не состоялся конкурс, одна заявка
964	закупка конкурс не пко с состояться	не состоялись закупки конкурса с пко
964	допускать конкурс не ни один поставщик потенциальный	к конкурсу не допущен ни один потенциальный поставщик
964	конкурс несостоявшийся	несостоявшийся конкурс
964	конкурс не повторный состояться	повторный конкурс не состоялся
964	конкурс не состояться	конкурс не состоялся
964	закупка не повторный состояться	повторные закупки не состоялись
964	договор заключать конкурс не повторный разыгрываться	как заключить договор если повторный конкурс не разыгрался
964	закупка повторный	повторные закупки
964	закупка конкурс повторный способ	повторные закупки способом конкурса
965	зцп не состояться	не состоявшиеся зцп
965	зцп источник не один состояться	из одного источника по не состоявшимся зцп
965	запрос источник несостоявшийся один предложение ценовый	один источник по несостоявшимся запрос ценовых предложений
965	запрос не предложение состояться ценовый	запрос ценовых предложений не состоялся
965	запрос конкурс менять не первый состояться ценовый	конкурс первый не состоялся менять на запрос ценовых
965	2 далее закупка зцп источник можно не один проводить раз состояться товар	при закупке товаров зцп не состоялся 2 раза. далее, можно из одного источника провести
965	закупка закупка источник несостоявшийся нестоявщейся объявление один создание ценовый	создание объявления из одного источника по нестоявщейся закупке несостоявшиеся закупки по ценовому
965	закупка закупка источник несостоявшийся один провожать	как проводить закупки из одного источника по несостоявшимся закупкам
965	закупка запрос несостоявшийся ценовов	несостоявшиеся закупки по запросу ценововых
965	закупка запрос несостоявшийся предложение способ ценовый	несостоявшийся закупки способом запроса ценовых предложений
965	закуп запрос несостоявшийся предложение способ ценовый	несостоявшийся закуп способом запроса ценовых предложений
965	закуп не состояться	закуп не состоялся
965	государственный закупка несостоявшийся проведение способ	проведении государственных закупок способом по несостоявшимся
965	закупка не не соответствовать состояться цена	закупка не состоялась не соответствует цена
965	делать закупка не состояться	что делать если закупка не состоялся
1224	план предварительный	предварительный план
1224	администратор бюджет бюджет бюджетный бюджетный город заявка значение местный областной программа разрабатывать республиканский столица	областного бюджета, бюджетов города республиканского значения, столицы администраторы местных бюджетных программ разрабатывают бюджетные заявки
1224	бюджетный комиссия положительный решение	положительное решение бюджетной комиссии
1225	24 включать годовой государственный данный закупка когда план представительский приобретение расход с связанный товар услуга	24) приобретения товаров, услуг, связанных с представительскими расходами, когда данные государственные закупки включены в годовой план
1225	представительский	представительские
1265	госзакупки отмена	отмена госзакупки
1265	госзакупки договор заключение закупка запрос отменять предложение способ ценовый	как отменить заключение договора по госзакупкам способ закупки запрос ценовых предложение
1265	госзакупки договор заключение отменять	как отменить заключение договора по госзакупкам?
1265	госзакупки договор заключение зцп отменять	как отменить заключение договора по госзакупкам зцп
1265	государственный закупка отмена	отмена государственных закупок
1265	закупка отменять	отменить закупку
1265	отмена тендер	отмена тендера
1265	бумажный закупка основание отмена уведомление	отмена закупок на основании бумажных уведомлении
1265	закупка отмена причина	причины отмены закупки
1265	закупка образец отмена приказ	приказ на отмену закупки образец
1265	закупка отмена приказ	приказ об отмене закупки
1265	закуп отмена самостоятельный	самостоятельная отмена закупа
1265	договор отменять	отменить договор
1265	закупка отмена	отмена закупок
1265	закуп отмена приказ	приказ об отмене закупа
1266	жалоба нарушение уведомление	уведомление о нарушение по жалобе
1266	исполнять не уведомление	не исполненное уведомление
2026	второй договор отказ победитель подписание	отказ от подписания договора вторым победителем
2026	второй договор заключение победитель поставщик признанный уклоняться	поставщик, признанный вторым победителем если уклонился от заключения договора
2026	второй договор исполнять победитель уклоняться	если второй победитель уклонился исполнить договор
2094	комиссия конкурсный приказ	приказ на конкурсную комиссию
2094	комиссия конкурсный состав утверждение	об утверждении состава конкурсной комиссии
2516	договор исполнение обеспечение	обеспечение исполнения договора
2516	вернуть договор исполнение когда обеспечение	когда вернуть обеспечение исполнения договора
2516	вернуть исполнение обеспечение	вернут обеспечение исполнения
2522	квалификационный отбор предварительный	предварительным квалификационным отбором
2522	конкурс предварительный	предварительный конкурс
2522	пко	пко
5539	материальный подтверждать ресурс	подтвердить материальные ресурсы
5539	материальный	материальные
2200000013	быть ждать спасибо	спасибо, буду ждать
2200000013	быть здавать спасибо	Спасибо, буду здать
2200000013	благодарить	Благодарю!!!
2200000013	благодарить вы	Благодарю вас.
2200000013	благодарить ответ	Благодарю за ответ.
2200000013	благодарить помощь	Благодарю за помощь
2200000013	благодарить отлично	Отлично! Благодарю!
2200000013	благодарить да	Да, благодарю
2200000013	благодарить супер	Супер, благодарю!
2200000013	благодарить увидеть	Увидела. Благодарю
2200000013	благодарить ясно	Ясно.Благодарю
2200000013	благодарить хорошо	Хорошо, благодарю
2200000013	да спасибо	Да, спасибо.
2200000013	спасибо хорошо	Хорошо. Спасибо
2200000013	отлично спасибо	Отлично, спасибо.
2200000013	понятно спасибо	понятно. спасибо
2200000013	спасибо ясно	Ясно. спасибо.
2200000013	окей спасибо	Окей. спасибо
2200000013	да спасибо хорошо	Да хорошо, спасибо
2200000013	да конечно спасибо	да, конечно. Спасибо
2200000013	конечно спасибо	Конечно, спасибо
2200000013	ответ спасибо	Спасибо за ответ.
2200000013	изучать ответ спасибо	Спасибо за ответ, изучим!
2200000013	ответ прорабатывать спасибо	спасибо, прорабатываю ответ
2200000013	оперативный ответ спасибо	Спасибо за оперативный ответ
2200000013	понимать спасибо я	я поняла спасибо
2200000013	понимать спасибо	Поняла. Спасибо
2200000013	спасибо удача	Спасибо. Удачи.
2200000013	ока спасибо	ок. спасибо
2200000013	вы понимать спасибо я	Я поняла Вас,спасибо!
2200000013	ответ получать свой спасибо	Спасибо, получили вопрос на свой ответ
2200000013	понимать спасибо хорошо я	Хорошо, спасибо, я поняла
2200000013	большой спасибо	Большое спасибо !!!!!
2200000013	огромный спасибо	СПасибо огромное!!!!
2200000013	большой вы спасибо	спасибо вам большое
2200000013	огромный ответ спасибо	Огромное спасибо за ответ!
2200000013	большой помощь спасибо	спасибо большое за помощь
2200000013	вы очень спасибо я	Спасибо, вы мне очень помогли.
2200000013	большой вы день спасибо хороший	Спасибо большое , хорошего вам дня.
2200000013	большой да спасибо	Да, спасибо большое
2200000013	весь спасибо	Спасибо.Всего доброго.
2200000013	большой понимать спасибо	Поняла, спасибо большое)))
2200000013	огромный помощь спасибо	Огромное спасибо за помощь
2200000013	вы огромный спасибо	Огромное Вам спасибо!
2200000013	благодарить вы вы очень чудесно	Чудесно, благодарю Вас! Вы очень помогли =)
2200000013	все понятный спасибо	Всё понятно, Спасибо!
2200000013	все понятно спасибо	Спасибо, все понятно.
2200000077	test	test
2200000077	сообщение тестовый	тестовое сообщение
2200000077	тестирование	тестирование
2200000077	письмо тестовый	тестовое письмо
2200000077	слово тест	слово тест
2200000077	тест это	Добрый день! Это тест
2200000077	день доюрый тест	доюрый день, тест
2200000077	запрос тестовый	Добрый день. запрос тестовый
2200000077	проверка тестовый	тестовая проверка
2200000077	тэст	ТЭСТ
2200000077	просто тест это	это просто тест
2200000077	просто тест	просто тест
2200000077	проводить тестирование	Провожу Тестирование )
2200000077	прод тест тест	тест тест прод
2200000088	проверка связь это	это проверка связи
2200000088	проверка связь спасибо	Спасибо, проверка связи.
2200000088	ваш проверка с связь сотрудник спасибо	Спасибо.. проверка связи с Вашим сотрудником!!
2200000088	оперативность проверка связь спасибо	проверка связи. спасибо за оперативность
